"Data Source","World Development Indicators",

"Last Updated Date","2026-07-13",

"Country Name","Country Code","Indicator Name","Indicator Code","1960","1961","1962","1963","1964","1965","1966","1967","1968","1969","1970","1971","1972","1973","1974","1975","1976","1977","1978","1979","1980","1981","1982","1983","1984","1985","1986","1987","1988","1989","1990","1991","1992","1993","1994","1995","1996","1997","1998","1999","2000","2001","2002","2003","2004","2005","2006","2007","2008","2009","2010","2011","2012","2013","2014","2015","2016","2017","2018","2019","2020","2021","2022","2023","2024","2025",
"Aruba","ABW","Surface area (sq. km)","AG.SRF.TOTL.K2","","180","180","180","180","180","180","180","180","180","180","180","180","180","180","180","180","180","180","180","180","180","180","180","180","180","180","180","180","180","180","180","180","180","180","180","180","180","180","180","180","180","180","180","180","180","180","180","180","180","180","180","180","180","180","180","180","180","180","180","180","180","180","180","","",
"Africa Eastern and Southern","AFE","Surface area (sq. km)","AG.SRF.TOTL.K2","","15106741","15106741","15106741","15106741","15106741","15106741","15106741","15106741","15106741","15106741","15106741","15106741","15106741","15106741","15106741","15106741","15106741","15106741","15106741","15106741","15106741","15106741","15106741","15106741","15106741","15106741","15106741","15106741","15106741","15106741","15106741","15106741","15106741","15106741","15106741","15106741","15106741","15106741","15106741","15106741","15106741","15106741","15106741","15142775.16","15142774.203","15142743.95","15142711.777","15142728.479","15142740.8","15142735.478","15142981.019","15162047.65","15162015.508","15162002.015","15162055.605","15162042.944","15162037.218","15162043.387","15162047.206","15173605.027","15173740.5","15173743.5","15173741.5","","",
"Afghanistan","AFG","Surface area (sq. km)","AG.SRF.TOTL.K2","","652860","652860","652860","652860","652860","652860","652860","652860","652860","652860","652860","652860","652860","652860","652860","652860","652860","652860","652860","652860","652860","652860","652860","652860","652860","652860","652860","652860","652860","652860","652860","652860","652860","652860","652860","652860","652860","652860","652860","652860","652860","652860","652860","652860","652860","652860","652860","652860","652860","652860","652860","652860","652860","652860","652860","652860","652860","652860","652860","652860","652860","652860","652870","","",
"Africa Western and Central","AFW","Surface area (sq. km)","AG.SRF.TOTL.K2","","9166270","9166270","9166270","9166270","9166270","9166270","9166270","9166270","9166270","9166270","9166270","9166270","9166270","9166270","9166270","9166270","9166270","9166270","9166270","9166270","9166270","9166270","9166270","9166270","9166270","9166270","9166270","9166270","9166270","9166270","9166270","9166270","9166270","9166270","9166270","9166270","9166270","9166270","9166270","9166270","9166270","9166270","9166270","9166270","9166270","9166270","9166270","9166270","9166270","9166270","9166270","9166270","9166270","9166270","9166270","9166270","9166270","9166270","9166243","9166243","9166243","9166243","9166249","","",
"Angola","AGO","Surface area (sq. km)","AG.SRF.TOTL.K2","","1246700","1246700","1246700","1246700","1246700","1246700","1246700","1246700","1246700","1246700","1246700","1246700","1246700","1246700","1246700","1246700","1246700","1246700","1246700","1246700","1246700","1246700","1246700","1246700","1246700","1246700","1246700","1246700","1246700","1246700","1246700","1246700","1246700","1246700","1246700","1246700","1246700","1246700","1246700","1246700","1246700","1246700","1246700","1246700","1246700","1246700","1246700","1246700","1246700","1246700","1246700","1246700","1246700","1246700","1246700","1246700","1246700","1246700","1246700","1246700","1246700","1246700","1246700","","",
"Albania","ALB","Surface area (sq. km)","AG.SRF.TOTL.K2","","28750","28750","28750","28750","28750","28750","28750","28750","28750","28750","28750","28750","28750","28750","28750","28750","28750","28750","28750","28750","28750","28750","28750","28750","28750","28750","28750","28750","28750","28750","28750","28750","28750","28750","28750","28750","28750","28750","28750","28750","28750","28750","28750","28750","28750","28750","28750","28750","28750","28750","28750","28750","28750","28750","28750","28750","28750","28750","28750","28750","28750","28750","28750","","",
"Andorra","AND","Surface area (sq. km)","AG.SRF.TOTL.K2","","470","470","470","470","470","470","470","470","470","470","470","470","470","470","470","470","470","470","470","470","470","470","470","470","470","470","470","470","470","470","470","470","470","470","470","470","470","470","470","470","470","470","470","470","470","470","470","470","470","470","470","470","470","470","470","470","470","470","470","470","470","470","470","","",
"Arab World","ARB","Surface area (sq. km)","AG.SRF.TOTL.K2","","13796798.9","13796798.9","13796798.9","13796798.9","13796798.9","13796798.9","13796798.9","13796798.9","13796798.9","13796798.9","13796798.9","13796798.9","13796798.9","13796798.9","13796798.9","13796798.9","13796798.9","13796798.9","13796798.9","13796798.9","13796798.9","13796798.9","13796798.9","13796798.9","13796798.9","13796798.9","13796798.9","13796798.9","13796798.9","13796798.9","13796798.9","13796818.9","13796818.9","13796818.9","13796818.9","13796818.9","13796818.9","13796818.9","13796818.9","13796818.9","13796818.9","13796818.9","13796828.9","13796838.9","13796848.9","13796848.9","13796858.9","13796868.9","13794328.9","13794330.9","13794335.9","13166528.9","13166340.9","13166221.9","13166229.9","13166230.9","13166231.9","13166231.9","13166229.9","13166231.9","13166241.9","13166241.9","13166251.9","","",
"United Arab Emirates","ARE","Surface area (sq. km)","AG.SRF.TOTL.K2","","98647.9","98647.9","98647.9","98647.9","98647.9","98647.9","98647.9","98647.9","98647.9","98647.9","98647.9","98647.9","98647.9","98647.9","98647.9","98647.9","98647.9","98647.9","98647.9","98647.9","98647.9","98647.9","98647.9","98647.9","98647.9","98647.9","98647.9","98647.9","98647.9","98647.9","98647.9","98647.9","98647.9","98647.9","98647.9","98647.9","98647.9","98647.9","98647.9","98647.9","98647.9","98647.9","98647.9","98647.9","98647.9","98647.9","98647.9","98647.9","98647.9","98647.9","98647.9","98647.9","98647.9","98647.9","98647.9","98647.9","98647.9","98647.9","98647.9","98647.9","98647.9","98647.9","98647.9","","",
"Argentina","ARG","Surface area (sq. km)","AG.SRF.TOTL.K2","","2780400","2780400","2780400","2780400","2780400","2780400","2780400","2780400","2780400","2780400","2780400","2780400","2780400","2780400","2780400","2780400","2780400","2780400","2780400","2780400","2780400","2780400","2780400","2780400","2780400","2780400","2780400","2780400","2780400","2780400","2780400","2780400","2780400","2780400","2780400","2780400","2780400","2780400","2780400","2780400","2780400","2780400","2780400","2780400","2780400","2780400","2780400","2780400","2780400","2780400","2780400","2780400","2780400","2780400","2780400","2780400","2780400","2780400","2780400","2780400","2780400","2780400","2780400","","",
"Armenia","ARM","Surface area (sq. km)","AG.SRF.TOTL.K2","","29740","29740","29740","29740","29740","29740","29740","29740","29740","29740","29740","29740","29740","29740","29740","29740","29740","29740","29740","29740","29740","29740","29740","29740","29740","29740","29740","29740","29740","29740","29740","29740","29740","29740","29740","29740","29740","29740","29740","29740","29740","29740","29740","29740","29740","29740","29740","29740","29740","29740","29740","29740","29740","29740","29740","29740","29740","29740","29740","29740","29740","29740","29740","","",
"American Samoa","ASM","Surface area (sq. km)","AG.SRF.TOTL.K2","","200","200","200","200","200","200","200","200","200","200","200","200","200","200","200","200","200","200","200","200","200","200","200","200","200","200","200","200","200","200","200","200","200","200","200","200","200","200","200","200","200","200","200","200","200","200","200","200","200","200","200","200","200","200","200","200","200","200","200","200","200","200","200","","",
"Antigua and Barbuda","ATG","Surface area (sq. km)","AG.SRF.TOTL.K2","","440","440","440","440","440","440","440","440","440","440","440","440","440","440","440","440","440","440","440","440","440","440","440","440","440","440","440","440","440","440","440","440","440","440","440","440","440","440","440","440","440","440","440","440","440","440","440","440","440","440","440","440","440","440","440","440","440","440","440","440","440","440","440","","",
"Australia","AUS","Surface area (sq. km)","AG.SRF.TOTL.K2","","7741220","7741220","7741220","7741220","7741220","7741220","7741220","7741220","7741220","7741220","7741220","7741220","7741220","7741220","7741220","7741220","7741220","7741220","7741220","7741220","7741220","7741220","7741220","7741220","7741220","7741220","7741220","7741220","7741220","7741220","7741220","7741220","7741220","7741220","7741220","7741220","7741220","7741220","7741220","7741220","7741220","7741220","7741220","7741220","7741220","7741220","7741220","7741220","7741220","7741220","7741220","7741220","7741220","7741220","7741220","7741220","7741220","7741220","7741220","7741220","7741220","7741220","7741220","","",
"Austria","AUT","Surface area (sq. km)","AG.SRF.TOTL.K2","","83879","83879","83879","83879","83879","83879","83879","83879","83879","83879","83879","83879","83879","83879","83879","83879","83879","83879","83879","83879","83879","83879","83879","83879","83879","83879","83879","83879","83879","83879","83879","83879","83879","83879","83879","83879","83879","83879","83879","83879","83879","83879","83879","83879","83879","83879","83879","83879","83879","83879","83879","83879","83879","83879","83879","83879","83879","83879","83879","83879","83879","83879","83879","","",
"Azerbaijan","AZE","Surface area (sq. km)","AG.SRF.TOTL.K2","","86600","86600","86600","86600","86600","86600","86600","86600","86600","86600","86600","86600","86600","86600","86600","86600","86600","86600","86600","86600","86600","86600","86600","86600","86600","86600","86600","86600","86600","86600","86600","86600","86600","86600","86600","86600","86600","86600","86600","86600","86600","86600","86600","86600","86600","86600","86600","86600","86600","86600","86600","86600","86600","86600","86600","86600","86600","86600","86600","86600","86600","86600","86600","","",
"Burundi","BDI","Surface area (sq. km)","AG.SRF.TOTL.K2","","27830","27830","27830","27830","27830","27830","27830","27830","27830","27830","27830","27830","27830","27830","27830","27830","27830","27830","27830","27830","27830","27830","27830","27830","27830","27830","27830","27830","27830","27830","27830","27830","27830","27830","27830","27830","27830","27830","27830","27830","27830","27830","27830","27830","27830","27830","27830","27830","27830","27830","27830","27830","27830","27830","27830","27830","27830","27830","27830","27830","27830","27830","27830","","",
"Belgium","BEL","Surface area (sq. km)","AG.SRF.TOTL.K2","","33120","33120","33120","33120","33120","33120","33120","33120","33120","33120","33120","33120","33120","33120","33120","33120","33120","33120","33120","33120","33120","33120","33120","33120","33120","33120","33120","33120","33120","33120","33120","33120","33120","33120","33120","33120","33120","33120","33120","30528","30528","30528","30528","30528","30528","30528","30528","30528","30528","30528","30528","30528","30528","30528","30528","30528","30528","30688","30689","30689","30689","30689","30689","","",
"Benin","BEN","Surface area (sq. km)","AG.SRF.TOTL.K2","","114760","114760","114760","114760","114760","114760","114760","114760","114760","114760","114760","114760","114760","114760","114760","114760","114760","114760","114760","114760","114760","114760","114760","114760","114760","114760","114760","114760","114760","114760","114760","114760","114760","114760","114760","114760","114760","114760","114760","114760","114760","114760","114760","114760","114760","114760","114760","114760","114760","114760","114760","114760","114760","114760","114760","114760","114760","114760","114760","114760","114760","114760","114760","","",
"Burkina Faso","BFA","Surface area (sq. km)","AG.SRF.TOTL.K2","","274220","274220","274220","274220","274220","274220","274220","274220","274220","274220","274220","274220","274220","274220","274220","274220","274220","274220","274220","274220","274220","274220","274220","274220","274220","274220","274220","274220","274220","274220","274220","274220","274220","274220","274220","274220","274220","274220","274220","274220","274220","274220","274220","274220","274220","274220","274220","274220","274220","274220","274220","274220","274220","274220","274220","274220","274220","274220","274200","274200","274200","274200","274200","","",
"Bangladesh","BGD","Surface area (sq. km)","AG.SRF.TOTL.K2","","148460","148460","148460","148460","148460","148460","148460","148460","148460","148460","148460","148460","148460","148460","148460","148460","148460","148460","148460","148460","148460","148460","148460","148460","148460","148460","148460","148460","148460","148460","148460","148460","148460","148460","148460","148460","148460","148460","148460","148460","148460","148460","148460","148460","148460","148460","148460","148460","148460","148460","148460","148460","148460","147630","147630","147630","147977","147570","147570","147570","147570","147570","147570","","",
"Bulgaria","BGR","Surface area (sq. km)","AG.SRF.TOTL.K2","","110990","110990","110990","110990","110990","110990","110990","110990","110990","110990","110990","110990","110990","110990","110990","110990","110990","110990","110990","110990","110990","110990","110990","110990","110990","110990","110990","110990","110990","110990","110990","110990","110990","110990","110990","110990","110990","110990","110990","110990","110990","110990","110990","111000","111000","111000","111000","111000","111000","111000","111000","111000","111000","111000","111000","111000","111000","111000","111000","111000","111000","111000","110996.758","","",
"Bahrain","BHR","Surface area (sq. km)","AG.SRF.TOTL.K2","","690","690","690","690","690","690","690","690","690","690","690","690","690","690","690","690","690","690","690","690","690","690","690","690","690","690","690","690","690","690","690","710","710","710","710","710","710","710","710","710","710","710","720","730","740","740","750","760","760","762","767","770","770","771","778","779","780","780","783","785","790","790","800","","",
"Bahamas, The","BHS","Surface area (sq. km)","AG.SRF.TOTL.K2","","13880","13880","13880","13880","13880","13880","13880","13880","13880","13880","13880","13880","13880","13880","13880","13880","13880","13880","13880","13880","13880","13880","13880","13880","13880","13880","13880","13880","13880","13880","13880","13880","13880","13880","13880","13880","13880","13880","13880","13880","13880","13880","13880","13880","13880","13880","13880","13880","13880","13880","13880","13880","13880","13880","13880","13880","13880","13880","13880","13880","13880","13880","13880","","",
"Bosnia and Herzegovina","BIH","Surface area (sq. km)","AG.SRF.TOTL.K2","","51210","51210","51210","51210","51210","51210","51210","51210","51210","51210","51210","51210","51210","51210","51210","51210","51210","51210","51210","51210","51210","51210","51210","51210","51210","51210","51210","51210","51210","51210","51210","51210","51210","51210","51210","51210","51210","51210","51210","51210","51210","51210","51210","51210","51210","51210","51210","51210","51210","51210","51210","51210","51210","51210","51210","51210","51210","51210","51210","51210","51210","51210","51210","","",
"Belarus","BLR","Surface area (sq. km)","AG.SRF.TOTL.K2","","207600","207600","207600","207600","207600","207600","207600","207600","207600","207600","207600","207600","207600","207600","207600","207600","207600","207600","207600","207600","207600","207600","207600","207600","207600","207600","207600","207600","207600","207600","207600","207600","207600","207600","207600","207600","207600","207600","207600","207600","207600","207600","207600","207600","207600","207600","207600","207600","207600","207600","207600","207600","207600","207600","207600","207600","207600","207600","207600","207610","207630","207630","207629","","",
"Belize","BLZ","Surface area (sq. km)","AG.SRF.TOTL.K2","","22970","22970","22970","22970","22970","22970","22970","22970","22970","22970","22970","22970","22970","22970","22970","22970","22970","22970","22970","22970","22970","22970","22970","22970","22970","22970","22970","22970","22970","22970","22970","22970","22970","22970","22970","22970","22970","22970","22970","22970","22970","22970","22970","22970","22970","22970","22970","22970","22970","22970","22970","22970","22970","22970","22970","22970","22970","22970","22970","22970","22970","22970","22966","","",
"Bermuda","BMU","Surface area (sq. km)","AG.SRF.TOTL.K2","","54","54","54","54","54","54","54","54","54","54","54","54","54","54","54","54","54","54","54","54","54","54","54","54","54","54","54","54","54","54","54","54","54","54","54","54","54","54","54","54","54","54","54","54","54","54","54","54","54","54","54","54","4290","4290","4290","4290","4290","4290","4290","4290","4290","4290","4290","","",
"Bolivia","BOL","Surface area (sq. km)","AG.SRF.TOTL.K2","","1098580","1098580","1098580","1098580","1098580","1098580","1098580","1098580","1098580","1098580","1098580","1098580","1098580","1098580","1098580","1098580","1098580","1098580","1098580","1098580","1098580","1098580","1098580","1098580","1098580","1098580","1098580","1098580","1098580","1098580","1098580","1098580","1098580","1098580","1098580","1098580","1098580","1098580","1098580","1098580","1098580","1098580","1098580","1098580","1098580","1098580","1098580","1098580","1098580","1098580","1098580","1098580","1098580","1098580","1098580","1098580","1098580","1098580","1098580","1098580","1098580","1098580","1098580","","",
"Brazil","BRA","Surface area (sq. km)","AG.SRF.TOTL.K2","","8515770","8515770","8515770","8515770","8515770","8515770","8515770","8515770","8515770","8515770","8515770","8515770","8515770","8515770","8515770","8515770","8515770","8515770","8515770","8515770","8515770","8515770","8515770","8515770","8515770","8515770","8515770","8515770","8515770","8515770","8515770","8515770","8515770","8515770","8515770","8515770","8515770","8515770","8515770","8515770","8515770","8515770","8515770","8515770","8515770","8515770","8515770","8515770","8515770","8515770","8515770","8515770","8515770","8515770","8515770","8515770","8515770","8515770","8515770","8515770","8515770","8510420","8510420","","",
"Barbados","BRB","Surface area (sq. km)","AG.SRF.TOTL.K2","","430","430","430","430","430","430","430","430","430","430","430","430","430","430","430","430","430","430","430","430","430","430","430","430","430","430","430","430","430","430","430","430","430","430","430","430","430","430","430","430","430","430","430","430","430","430","430","430","430","430","430","430","430","430","430","430","430","430","430","430","430","430","430","","",
"Brunei Darussalam","BRN","Surface area (sq. km)","AG.SRF.TOTL.K2","","5770","5770","5770","5770","5770","5770","5770","5770","5770","5770","5770","5770","5770","5770","5770","5770","5770","5770","5770","5770","5770","5770","5770","5770","5770","5770","5770","5770","5770","5770","5770","5770","5770","5770","5770","5770","5770","5770","5770","5770","5770","5770","5770","5770","5770","5770","5770","5770","5770","5770","5770","5770","5770","5770","5770","5770","5770","5770","5770","5770","5770","5770","5770","","",
"Bhutan","BTN","Surface area (sq. km)","AG.SRF.TOTL.K2","","47000","47000","47000","47000","47000","47000","47000","47000","47000","47000","47000","47000","47000","47000","47000","47000","47000","47000","47000","47000","47000","47000","47000","47000","47000","47000","47000","47000","47000","47000","47000","47000","47000","40077","40077","40077","40077","40077","40077","40077","40077","40077","40077","38394","38394","38394","38394","38394","38394","38394","38394","38394","38394","38394","38394","38394","38394","38390","38390","38390","38390","38390","38390","","",
"Botswana","BWA","Surface area (sq. km)","AG.SRF.TOTL.K2","","581730","581730","581730","581730","581730","581730","581730","581730","581730","581730","581730","581730","581730","581730","581730","581730","581730","581730","581730","581730","581730","581730","581730","581730","581730","581730","581730","581730","581730","581730","581730","581730","581730","581730","581730","581730","581730","581730","581730","581730","581730","581730","581730","581730","581730","581730","581730","581730","581730","581730","581730","581730","581730","581730","581730","581730","581730","581730","581730","581730","581730","581730","581730","","",
"Central African Republic","CAF","Surface area (sq. km)","AG.SRF.TOTL.K2","","622980","622980","622980","622980","622980","622980","622980","622980","622980","622980","622980","622980","622980","622980","622980","622980","622980","622980","622980","622980","622980","622980","622980","622980","622980","622980","622980","622980","622980","622980","622980","622980","622980","622980","622980","622980","622980","622980","622980","622980","622980","622980","622980","622980","622980","622980","622980","622980","622980","622980","622980","622980","622980","622980","622980","622980","622980","622980","622980","622980","622980","622980","622980","","",
"Canada","CAN","Surface area (sq. km)","AG.SRF.TOTL.K2","","15640500","15640500","15640500","15640500","15640500","15640500","15640500","15640500","15640500","15640500","15640500","15640500","15640500","15640500","15640500","15640500","15640500","15640500","15640500","15640500","15640500","15640500","15640500","15640500","15640500","15640500","15640500","15640500","15640500","15640500","15640500","15640500","15640500","15640500","15640500","15640500","15640500","15640500","15640500","15640500","15640500","15640500","15640500","15640500","15640500","15640500","15640500","15640500","15640500","15640500","15640500","15640500","15640500","15640500","15640500","15640500","15640500","15640500","15640500","15640500","15634410","15634410","15634410","","",
"Central Europe and the Baltics","CEB","Surface area (sq. km)","AG.SRF.TOTL.K2","","1134934","1134934","1134934","1134934","1134934","1134934","1134934","1134934","1134934","1134934","1134934","1134934","1134934","1134934","1134934","1134934","1134934","1134934","1134934","1134934","1134934","1134934","1134934","1134934","1134934","1134934","1134934","1134934","1134934","1134934","1134934","1134934","1134934","1134934","1134934","1135004","1135004","1134934","1134934","1134934","1134934","1134934","1134988","1134994","1134994","1134984","1134984","1134989","1134994","1134991","1134990","1134990","1166998","1166978","1166978","1166978","1166783","1166797","1166797.04","1166811.01","1166811.04","1166817.47","1168028.188","","",
"Switzerland","CHE","Surface area (sq. km)","AG.SRF.TOTL.K2","","41290","41290","41290","41290","41290","41290","41290","41290","41290","41290","41290","41290","41290","41290","41290","41290","41290","41290","41290.7","41290.7","41290.7","41290.7","41290.7","41290.7","41290.7","41290.7","41290.7","41290.7","41290.7","41290.7","41290.7","41290.7","41290.7","41290.7","41290.7","41290.7","41290.7","41290.7","41290.7","41290.7","41290.7","41290.7","41290.7","41290.7","41290.7","41290.7","41290.7","41290.7","41290.7","41290.7","41290.7","41290.7","41290.7","41290.7","41290.7","41290.7","41290.7","41290.7","41290.7","41290.7","41290.7","41290.7","41290.7","","",
"Channel Islands","CHI","Surface area (sq. km)","AG.SRF.TOTL.K2","","198","198","198","198","198","198","198","198","198","198","198","198","198","198","198","198","198","198","198","198","198","198","198","198","198","198","198","198","198","198","198","198","198","198","198","198","198","198","198","198","198","198","198","198","198","198","198","198","198","198","198","198","198","198","198","198","198","198","198","198","198","","","","",
"Chile","CHL","Surface area (sq. km)","AG.SRF.TOTL.K2","","756096","756096","756096","756096","756096","756096","756096","756096","756096","756096","756096","756096","756096","756096","756096","756096","756096","756096","756096","756096","756096","756096","756096","756096","756096","756096","756096","756096","756096","756096","756096","756096","756096","756096","756096","756096","756096","756096","756096","756096","756096","756096","756096","756096","756096","756096","756096","756096","756096","756096","756096","756096","756096","756096","756096","756700","756700","756700","757244.88","757244.88","757244.88","757244.88","757244.88","","",
"China","CHN","Surface area (sq. km)","AG.SRF.TOTL.K2","","9562950","9562950","9562950","9562950","9562950","9562950","9562950","9562950","9562950","9562950","9562950","9562950","9562950","9562950","9562950","9562950","9562950","9562950","9562950","9562950","9562950","9562950","9562950","9562950","9562950","9562950","9562950","9562950","9562950","9562950","9562950","9562950","9562950","9562950","9562940","9562930","9562930","9562930","9562930","9562920","9562914.2","9562913.2","9562912.7","9562912.5","9562911.8","9562911.4","9562910.8","9562910.8","9562911","9562911","9562911","9562911","9562911","9562911","9562911","9562910","9562910","9562910","9562910","9562910","9562910","9562910","9562910","","",
"Cote d'Ivoire","CIV","Surface area (sq. km)","AG.SRF.TOTL.K2","","322460","322460","322460","322460","322460","322460","322460","322460","322460","322460","322460","322460","322460","322460","322460","322460","322460","322460","322460","322460","322460","322460","322460","322460","322460","322460","322460","322460","322460","322460","322460","322460","322460","322460","322460","322460","322460","322460","322460","322460","322460","322460","322460","322460","322460","322460","322460","322460","322460","322460","322460","322460","322460","322460","322460","322460","322460","322460","322460","322460","322460","322460","322460","","",
"Cameroon","CMR","Surface area (sq. km)","AG.SRF.TOTL.K2","","475440","475440","475440","475440","475440","475440","475440","475440","475440","475440","475440","475440","475440","475440","475440","475440","475440","475440","475440","475440","475440","475440","475440","475440","475440","475440","475440","475440","475440","475440","475440","475440","475440","475440","475440","475440","475440","475440","475440","475440","475440","475440","475440","475440","475440","475440","475440","475440","475440","475440","475440","475440","475440","475440","475440","475440","475440","475440","475440","475440","475440","475440","475440","","",
"Congo, Dem. Rep.","COD","Surface area (sq. km)","AG.SRF.TOTL.K2","","2344860","2344860","2344860","2344860","2344860","2344860","2344860","2344860","2344860","2344860","2344860","2344860","2344860","2344860","2344860","2344860","2344860","2344860","2344860","2344860","2344860","2344860","2344860","2344860","2344860","2344860","2344860","2344860","2344860","2344860","2344860","2344860","2344860","2344860","2344860","2344860","2344860","2344860","2344860","2344860","2344860","2344860","2344860","2344860","2344860","2344860","2344860","2344860","2344860","2344860","2344860","2344860","2344860","2344860","2344860","2344860","2344860","2344860","2344860","2344860","2344860","2344860","2344860","","",
"Congo, Rep.","COG","Surface area (sq. km)","AG.SRF.TOTL.K2","","342000","342000","342000","342000","342000","342000","342000","342000","342000","342000","342000","342000","342000","342000","342000","342000","342000","342000","342000","342000","342000","342000","342000","342000","342000","342000","342000","342000","342000","342000","342000","342000","342000","342000","342000","342000","342000","342000","342000","342000","342000","342000","342000","342000","342000","342000","342000","342000","342000","342000","342000","342000","342000","342000","342000","342000","342000","342000","342000","342000","342000","342000","342000","","",
"Colombia","COL","Surface area (sq. km)","AG.SRF.TOTL.K2","","1141750","1141750","1141750","1141750","1141750","1141750","1141750","1141750","1141750","1141750","1141750","1141750","1141750","1141750","1141750","1141750","1141750","1141750","1141750","1141750","1141750","1141750","1141750","1141750","1141750","1141750","1141750","1141750","1141750","1141750","1141750","1141750","1141750","1141750","1141750","1141750","1141750","1141750","1141750","1141750","1141750","1141750","1141750","1141750","1141750","1141750","1141750","1141750","1141750","1141750","1141750","1141748","1141749","1141749","1141749","1141749","1141749","1141750","1141750","1140619.05","1140619.05","1140619.05","1140619.1","","",
"Comoros","COM","Surface area (sq. km)","AG.SRF.TOTL.K2","","1861","1861","1861","1861","1861","1861","1861","1861","1861","1861","1861","1861","1861","1861","1861","1861","1861","1861","1861","1861","1861","1861","1861","1861","1861","1861","1861","1861","1861","1861","1861","1861","1861","1861","1861","1861","1861","1861","1861","1861","1861","1861","1861","1861","1861","1861","1861","1861","1861","1861","1861","1861","1861","1861","1861","1861","1861","1861","1861","1861","1861","1861","1861","","",
"Cabo Verde","CPV","Surface area (sq. km)","AG.SRF.TOTL.K2","","4030","4030","4030","4030","4030","4030","4030","4030","4030","4030","4030","4030","4030","4030","4030","4030","4030","4030","4030","4030","4030","4030","4030","4030","4030","4030","4030","4030","4030","4030","4030","4030","4030","4030","4030","4030","4030","4030","4030","4030","4030","4030","4030","4030","4030","4030","4030","4030","4030","4030","4030","4030","4030","4030","4030","4030","4030","4030","4030","4030","4030","4030","4030","","",
"Costa Rica","CRI","Surface area (sq. km)","AG.SRF.TOTL.K2","","51100","51100","51100","51100","51100","51100","51100","51100","51100","51100","51100","51100","51100","51100","51100","51100","51100","51100","51100","51100","51100","51100","51100","51100","51100","51100","51100","51100","51100","51100","51100","51100","51100","51100","51100","51100","51100","51100","51100","51100","51100","51100","51100","51100","51100","51100","51100","51100","51100","51100","51100","51100","51100","51100","51100","51100","51100","51100","51100","51100","51100","51100","51100","","",
"Caribbean small states","CSS","Surface area (sq. km)","AG.SRF.TOTL.K2","","424090","424090","424090","424090","424090","424090","424090","424090","424090","424090","424090","424090","424090","424090","424090","424090","424090","424090","424090","424000","424000","424000","424000","424000","424000","424000","424000","424000","424000","424000","424000","424000","424000","424000","424000","424000","424000","424000","424000","424000","424000","424000","424000","424000","424000","424000","424000","424000","424000","424000","424000","424000","424000","424000","424000","424000","424000","424000","424000","424000","424000","424000","423996","","",
"Cuba","CUB","Surface area (sq. km)","AG.SRF.TOTL.K2","","109890","109890","109890","109890","109890","109890","109890","109890","109890","109890","109890","109890","109890","109890","109890","109890","109890","109890","109890","109890","109890","109890","109890","109890","109890","109890","109890","109890","109890","109890","109890","109890","109890","109890","109890","109890","109890","109890","109890","109890","109890","109890","109890","109890","109890","109890","109890","109890","109890","109880","109880","109880","109880","109880","109880","109880","109880","109880","109880","109880","109880","109880","109880","","",
"Curacao","CUW","Surface area (sq. km)","AG.SRF.TOTL.K2","","444","444","444","444","444","444","444","444","444","444","444","444","444","444","444","444","444","444","444","444","444","444","444","444","444","444","444","444","444","444","444","444","444","444","444","444","444","444","444","444","444","444","444","444","444","444","444","444","444","444","444","444","444","444","444","444","444","444","444","444","444","444","444","","",
"Cayman Islands","CYM","Surface area (sq. km)","AG.SRF.TOTL.K2","","264","264","264","264","264","264","264","264","264","264","264","264","264","264","264","264","264","264","264","264","264","264","264","264","264","264","264","264","264","264","264","264","264","264","264","264","264","264","264","264","264","264","264","264","264","264","264","264","264","264","264","264","264","264","264","264","264","264","264","264","264","264","264","","",
"Cyprus","CYP","Surface area (sq. km)","AG.SRF.TOTL.K2","","9250","9250","9250","9250","9250","9250","9250","9250","9250","9250","9250","9250","9250","9250","9250","9250","9250","9250","9250","9250","9250","9250","9250","9250","9250","9250","9250","9250","9250","9250","9250","9250","9250","9250","9250","9250","9250","9250","9250","9250","9250","9250","9250","9250","9250","9250","9250","9250","9250","9250","9250","9250","9250","9251","9251","9251","9251","9250","9250","9250","9250","9250","9250","","",
"Czechia","CZE","Surface area (sq. km)","AG.SRF.TOTL.K2","","78870","78870","78870","78870","78870","78870","78870","78870","78870","78870","78870","78870","78870","78870","78870","78870","78870","78870","78870","78870","78870","78870","78870","78870","78870","78870","78870","78870","78870","78870","78870","78870","78870","78870","78870","78870","78870","78870","78870","78870","78870","78870","78870","78870","78870","78870","78870","78870","78870","78870","78870","78870","78870","78870","78870","78870","78870","78870","78870.04","78871.01","78871.04","78871.47","78871.43","","",
"Germany","DEU","Surface area (sq. km)","AG.SRF.TOTL.K2","","356970","356970","356970","356970","356970","356970","356970","356970","356970","356970","356970","356970","356970","356970","356970","356970","356970","356970","356970","356970","356970","356970","356970","356970","356970","356970","356970","356970","356970","356970","356970","356970","356990","357000","357020","357030","357030","357030","357030","357030","357030","357040","357040","357050","357090","357100","357100","357110","357120","357130","357140","357170","357340","357380","357410","357580","357580","357580","357580","357590","357590","357600","357680","","",
"Djibouti","DJI","Surface area (sq. km)","AG.SRF.TOTL.K2","","23200","23200","23200","23200","23200","23200","23200","23200","23200","23200","23200","23200","23200","23200","23200","23200","23200","23200","23200","23200","23200","23200","23200","23200","23200","23200","23200","23200","23200","23200","23200","23200","23200","23200","23200","23200","23200","23200","23200","23200","23200","23200","23200","23200","23200","23200","23200","23200","23200","23200","23200","23200","23200","23200","23200","23200","23200","23200","23200","23200","23200","23200","23200","","",
"Dominica","DMA","Surface area (sq. km)","AG.SRF.TOTL.K2","","750","750","750","750","750","750","750","750","750","750","750","750","750","750","750","750","750","750","750","750","750","750","750","750","750","750","750","750","750","750","750","750","750","750","750","750","750","750","750","750","750","750","750","750","750","750","750","750","750","750","750","750","750","750","750","750","750","750","750","750","750","750","750","","",
"Denmark","DNK","Surface area (sq. km)","AG.SRF.TOTL.K2","","42920","42920","42920","42920","42920","42920","42920","42920","42920","42920","42920","42920","42920","42920","42920","42920","42920","42920","42920","42920","42920","42920","42920","42920","42920","42920","42920","42920","42920","42920","42920","42920","42920","42920","42920","42920","42920","42920","42920","42920","42920","42920","42920","42920","42920","42920","42920","42920","42920","42920","42920","42920","42920","42920","42920","42920","42920","42920","42920","42920","42920","42920","42920","","",
"Dominican Republic","DOM","Surface area (sq. km)","AG.SRF.TOTL.K2","","48670","48670","48670","48670","48670","48670","48670","48670","48670","48670","48670","48670","48670","48670","48670","48670","48670","48670","48670","48670","48670","48670","48670","48670","48670","48670","48670","48670","48670","48670","48670","48670","48670","48670","48670","48670","48670","48670","48670","48670","48670","48670","48670","48670","48670","48670","48670","48670","48670","48670","48670","48670","48670","48670","48670","48670","48670","48670","146839.463","146839.463","146839.463","146839.463","146839.46","","",
"Algeria","DZA","Surface area (sq. km)","AG.SRF.TOTL.K2","","2381740","2381740","2381740","2381740","2381740","2381740","2381740","2381740","2381740","2381740","2381740","2381740","2381740","2381740","2381740","2381740","2381740","2381740","2381740","2381740","2381740","2381740","2381740","2381740","2381740","2381740","2381740","2381740","2381740","2381740","2381740","2381740","2381740","2381740","2381740","2381740","2381740","2381740","2381740","2381740","2381740","2381740","2381740","2381740","2381740","2381740","2381740","2381740","2381740","2381740","2381740","2381740","2381740","2381740","2381741","2381741","2381741","2381741","2381740","2381740","2381740","2381740","2381740","","",
"East Asia & Pacific (excluding high income)","EAP","Surface area (sq. km)","AG.SRF.TOTL.K2","","16270960","16270960","16270960","16270960","16270960","16270960","16270960","16270960","16270960","16270960","16270960","16270960","16270960","16270960","16270960","16270960","16268840","16268840","16270880","16270960","16270960","16270960","16270960","16270960","16270960","16270960","16269620","16269630","16269630","16270300","16270330","16270360","16270380","16270380","16270370","16270360","16270360","16270360","16270360","16268480","16268484.2","16268533.2","16268542.7","16268546.5","16270443.8","16270443.4","16270442.8","16270281.8","16270282","16270185","16270188","16270182","16269787","16270058","16272656","16273023","16276167","16276122.2","16275953.77","16275983.519","16276158.57","16276152.791","16276146.851","","",
"Early-demographic dividend","EAR","Surface area (sq. km)","AG.SRF.TOTL.K2","","34260340","34260340","34260340","34260340","34260340","34260340","34260340","34260340","34260340","34260340","34260340","34260340","34260340","34260340","34260340","34260340","34260340","34260340","34260340","34260340","34260340","34260340","34260340","34260340","34260340","34260340","34260340","34260340","34260340","34260340","34260340","34260360","34142760","34135837","34135837","34135837","34135837","34108647","34108647","34105350","34105350","34105350","34105360","34135630.3","34135640.2","34135640","34135651.1","34135660.2","34136200.5","34136203.9","34136208.4","34136211.9","34136212.6","34134105.2","34141588.2","34141587.7","34145176.2","34144811.7","34246128.333","34242394.133","34242403.133","34240898.233","34238951.43","","",
"East Asia & Pacific","EAS","Surface area (sq. km)","AG.SRF.TOTL.K2","","24824710","24824710","24824710","24824710","24824710","24824710","24824710","24824710","24824710","24824710","24824710","24824710","24824710","24824710","24824710","24824710","24822590","24822590","24824630","24824710","24824710","24824710","24824710","24824710","24824710","24824710","24823370","24823380","24823380","24824050","24824080","24824110","24824130","24824130","24824130","24824130","24824130","24824130","24824130","24821731","24822101.2","24822216.2","24822257.7","24822294.5","24824221.8","24824267","24824318","24824282","24824359.5","24824397.7","24824407.9","24824528.9","24824253.3","24824545.3","24827168.4","24827582.5","24830750.8","24830734.1","24830587.67","24830629.419","24830824.57","24794864.061","24794868.121","","",
"Europe & Central Asia (excluding high income)","ECA","Surface area (sq. km)","AG.SRF.TOTL.K2","","6027052","6027052","6027052","6027052","6027052","6027052","6027052","6027052","6027052","6027052","6027052","6027052","6027052","6027052","6027052","6027052","6027052","6027052","6027052","6027052","6027052","6027052","6027052","6027052","6027052","6027052","6027052","6027052","6027052","6027052","6027052","6027052","6027122","6027122","6027132","6027132","6027122","6027122","6027122","6023825","6023825","6023825","6023825","6023835","6023835","6023835","6023835","6023835","6023834","6023834","6023834","6023834","6023834","6022660","6027485","6027486","6027486","6027486","6030594","6027233","6027252","6027254","6027327","","",
"Europe & Central Asia","ECS","Surface area (sq. km)","AG.SRF.TOTL.K2","","28381885.137","28381885.137","28381885.137","28381885.137","28381885.137","28381885.137","28381885.137","28381885.137","28381885.137","28381885.137","28381885.137","28381885.137","28381885.137","28381885.137","28381885.137","28381885.137","28381885.137","28381885.137","28381885.837","28381885.837","28381885.837","28381885.837","28381885.837","28381885.837","28381885.837","28381885.837","28381885.837","28381885.837","28381885.837","28381885.837","28381885.837","28381885.837","28381975.837","28381985.837","28382015.837","28382095.837","28450835.837","28450765.837","28450765.837","28447206.837","28447226.837","28447536.837","28447940.837","28447666.837","28447686.837","28447976.837","28448029.73","28448044.73","28448178.73","28448425.73","28448434.73","28448804.73","28802064.45","28800916.74","28805746.29","28805941.51","28805769.74","28805969.799","28809494.456","28901282.191","28901307.234","28901143.351","28902314.768","","",
"Ecuador","ECU","Surface area (sq. km)","AG.SRF.TOTL.K2","","283560","283560","283560","283560","283560","283560","283560","283560","283560","283560","283560","283560","283560","283560","283560","283560","283560","283560","283560","283560","283560","283560","283560","283560","283560","283560","283560","283560","283560","283560","283560","283560","283560","283560","283560","283560","283560","256370","256370","256370","256370","256370","256370","256370","256370","256370","256370","256370","256370","256370","256370","256370","256370","256370","256370","256370","256370","256370","256370","256370","256370","256370","256370","","",
"Egypt, Arab Rep.","EGY","Surface area (sq. km)","AG.SRF.TOTL.K2","","1001450","1001450","1001450","1001450","1001450","1001450","1001450","1001450","1001450","1001450","1001450","1001450","1001450","1001450","1001450","1001450","1001450","1001450","1001450","1001450","1001450","1001450","1001450","1001450","1001450","1001450","1001450","1001450","1001450","1001450","1001450","1001450","1001450","1001450","1001450","1001450","1001450","1001450","1001450","1001450","1001450","1001450","1001450","1001450","1001450","1001450","1001450","1001450","1001450","1001450","1001450","1001450","1001450","1001450","1001450","1001450","1001450","1001450","1001450","1001450","1001450","1001450","1001450","","",
"Euro area","EMU","Surface area (sq. km)","AG.SRF.TOTL.K2","","2925949","2925949","2925949","2925949","2925949","2925949","2925949","2925949","2925949","2925949","2925949","2925949","2925949","2925949","2925949","2925949","2925949","2925949","2925949","2925949","2925949","2925949","2925949","2925949","2925949","2925949","2925949","2925949","2925949","2925949","2925949","2925949","2925969","2925979","2925999","2926079","2926079","2926009","2926009","2925747","2925767","2926077","2926481","2926197","2926217","2926517","2926497","2926512","2926647","2926884","2926893","2927263","2959446.2","2959467.6","2959507.6","2959692.6","2959497.83","2959682.889","2959692.796","3017035.891","3017040.594","3017062.281","3017150.738","","",
"Eritrea","ERI","Surface area (sq. km)","AG.SRF.TOTL.K2","","","","","","","","","","","","","","","","","","","","","","","","","","","","","","","","","","117600","117600","117600","117600","117600","117600","117600","117600","117600","117600","117600","121690.86","121690.003","121659.95","121626.677","121644.279","121656.3","121651.578","121675.619","121668.75","121635.908","121622.815","121675.405","121664.244","121658.018","121664.887","121668.106","121630.327","121765.8","121765.8","121765.8","","",
"Spain","ESP","Surface area (sq. km)","AG.SRF.TOTL.K2","","505990","505990","505990","505990","505990","505990","505990","505990","505990","505990","505990","505990","505990","505990","505990","505990","505990","505990","505990","505990","505990","505990","505990","505990","505990","505990","505990","505990","505990","505990","505990","505990","505990","505990","505990","505990","505990","505990","505990","505000","505020","505320","505370","505370","505370","505370","505370","505370","505370","505600","505600","505940","505940","505940","505924","505935","505935.23","505957.289","505952.796","505969.891","505964.594","505978.281","505975.98","","",
"Estonia","EST","Surface area (sq. km)","AG.SRF.TOTL.K2","","45230","45230","45230","45230","45230","45230","45230","45230","45230","45230","45230","45230","45230","45230","45230","45230","45230","45230","45230","45230","45230","45230","45230","45230","45230","45230","45230","45230","45230","45230","45230","45230","45230","45230","45230","45230","45230","45230","45230","45230","45230","45230","45230","45230","45230","45230","45230","45230","45230","45230","45230","45230","45340","45340","45340","45340","45340","45340","45340","45340","45340","45340","45340","","",
"Ethiopia","ETH","Surface area (sq. km)","AG.SRF.TOTL.K2","","1221900","1221900","1221900","1221900","1221900","1221900","1221900","1221900","1221900","1221900","1221900","1221900","1221900","1221900","1221900","1221900","1221900","1221900","1221900","1221900","1221900","1221900","1221900","1221900","1221900","1221900","1221900","1221900","1221900","1221900","1221900","1221900","1104300","1104300","1104300","1104300","1104300","1104300","1104300","1104300","1104300","1104300","1104300","1136243.3","1136243.2","1136243","1136244.1","1136243.2","1136243.5","1136242.9","1136242.4","1136242.9","1136243.6","1136243.2","1136244.2","1136242.7","1136243.2","1136242.5","1136243.1","1136239.7","1136239.7","1136239.7","1136239.7","","",
"European Union","EUU","Surface area (sq. km)","AG.SRF.TOTL.K2","","4139269.11","4139269.11","4139269.11","4139269.11","4139269.11","4139269.11","4139269.11","4139269.11","4139269.11","4139269.11","4139269.11","4139269.11","4139269.11","4139269.11","4139269.11","4139269.11","4139269.11","4139269.11","4139269.11","4139269.11","4139269.11","4139269.11","4139269.11","4139269.11","4139269.11","4139269.11","4139269.11","4139269.11","4139269.11","4139269.11","4139269.11","4139269.11","4139289.11","4139299.11","4139319.11","4139399.11","4139399.11","4139329.11","4139329.11","4139067.11","4139087.11","4139397.11","4139801.11","4139517.11","4139537.11","4139827.11","4139807.11","4139822.11","4139957.11","4140194.11","4140203.11","4140573.11","4253793.72","4253815.12","4253856.89","4254041.89","4253847.12","4254042.179","4254462.836","4311826.901","4311831.634","4311863.751","4312962.168","","",
"Finland","FIN","Surface area (sq. km)","AG.SRF.TOTL.K2","","338150","338150","338150","338150","338150","338150","338150","338150","338150","338150","338150","338150","338150","338150","338150","338150","338150","338150","338150","338150","338150","338150","338150","338150","338150","338150","338150","338150","338150","338150","338150","338150","338150","338150","338150","338150","338150","338150","338150","338150","338150","338150","338150","338150","338150","338440","338420","338420","338420","338420","338420","338420","338420","338420","338446","338450","338450","338450","338460","338460","338470","338470","338480","","",
"Fiji","FJI","Surface area (sq. km)","AG.SRF.TOTL.K2","","18270","18270","18270","18270","18270","18270","18270","18270","18270","18270","18270","18270","18270","18270","18270","18270","18270","18270","18270","18270","18270","18270","18270","18270","18270","18270","18270","18270","18270","18270","18270","18270","18270","18270","18270","18270","18270","18270","18270","18270","18270","18270","18270","18270","18270","18270","18270","18270","18270","18270","18270","18270","18270","18270","18270","18270","18270","18270","18270","18270","18270","18270","18270","","",
"France","FRA","Surface area (sq. km)","AG.SRF.TOTL.K2","","549086","549086","549086","549086","549086","549086","549086","549086","549086","549086","549086","549086","549086","549086","549086","549086","549086","549086","549086","549086","549086","549086","549086","549086","549086","549086","549086","549086","549086","549086","549086","549086","549086","549086","549086","549086","549086","549086","549086","549087","549087","549087","549387","549087","549087","549087","549087","549087","549087","549087","549087","549087","549087","549087","549087","549087","549087","549087","549087","606410","606410","606410","606410","","",
"Faroe Islands","FRO","Surface area (sq. km)","AG.SRF.TOTL.K2","","1396","1396","1396","1396","1396","1396","1396","1396","1396","1396","1396","1396","1396","1396","1396","1396","1396","1396","1396","1396","1396","1396","1396","1396","1396","1396","1396","1396","1396","1396","1396","1396","1396","1396","1396","1396","1396","1396","1396","1396","1396","1396","1396","1396","1396","1396","1396","1396","1396","1396","1396","1396","1396","1396","1396","1396","1396","1396","1396","12959.67","12960","12960","12960","","",
"Micronesia, Fed. Sts.","FSM","Surface area (sq. km)","AG.SRF.TOTL.K2","","700","700","700","700","700","700","700","700","700","700","700","700","700","700","700","700","700","700","700","700","700","700","700","700","700","700","700","700","700","700","700","700","700","700","700","700","700","700","700","700","700","700","700","700","700","700","700","700","700","700","700","700","700","700","700","700","700","700","700","700","700","700","700","","",
"Gabon","GAB","Surface area (sq. km)","AG.SRF.TOTL.K2","","267670","267670","267670","267670","267670","267670","267670","267670","267670","267670","267670","267670","267670","267670","267670","267670","267670","267670","267670","267670","267670","267670","267670","267670","267670","267670","267670","267670","267670","267670","267670","267670","267670","267670","267670","267670","267670","267670","267670","267670","267670","267670","267670","267670","267670","267670","267670","267670","267670","267670","267670","267670","267670","267670","267670","267670","267670","267670","267670","267670","267670","267670","267670","","",
"United Kingdom","GBR","Surface area (sq. km)","AG.SRF.TOTL.K2","","243610","243610","243610","243610","243610","243610","243610","243610","243610","243610","243610","243610","243610","243610","243610","243610","243610","243610","243610","243610","243610","243610","243610","243610","243610","243610","243610","243610","243610","243610","243610","243610","243610","243610","243610","243610","243610","243610","243610","243610","243610","243610","243610","243610","243610","243610","243610","243610","243610","243610","243610","243610","243610","243610","243610","243610","243610","243610","243610","243610","243610","243610","243610","","",
"Georgia","GEO","Surface area (sq. km)","AG.SRF.TOTL.K2","","69700","69700","69700","69700","69700","69700","69700","69700","69700","69700","69700","69700","69700","69700","69700","69700","69700","69700","69700","69700","69700","69700","69700","69700","69700","69700","69700","69700","69700","69700","69700","69700","69700","69700","69700","69700","69700","69700","69700","69700","69700","69700","69700","69700","69700","69700","69700","69700","69700","69700","69700","69700","69700","69700","69700","69700","69700","69700","69700","69700","69700","69700","69700","","",
"Ghana","GHA","Surface area (sq. km)","AG.SRF.TOTL.K2","","238540","238540","238540","238540","238540","238540","238540","238540","238540","238540","238540","238540","238540","238540","238540","238540","238540","238540","238540","238540","238540","238540","238540","238540","238540","238540","238540","238540","238540","238540","238540","238540","238540","238540","238540","238540","238540","238540","238540","238540","238540","238540","238540","238540","238540","238540","238540","238540","238540","238540","238540","238540","238540","238540","238540","238540","238540","238540","238533","238533","238533","238533","238539","","",
"Gibraltar","GIB","Surface area (sq. km)","AG.SRF.TOTL.K2","","10","10","10","10","10","10","10","10","10","10","10","10","10","10","10","10","10","10","10","10","10","10","10","10","10","10","10","10","10","10","10","10","10","10","10","10","10","10","10","10","10","10","10","10","10","10","10","10","10","10","10","10","10","10","10","10","10","10","10","10","10","10","10","","",
"Guinea","GIN","Surface area (sq. km)","AG.SRF.TOTL.K2","","245860","245860","245860","245860","245860","245860","245860","245860","245860","245860","245860","245860","245860","245860","245860","245860","245860","245860","245860","245860","245860","245860","245860","245860","245860","245860","245860","245860","245860","245860","245860","245860","245860","245860","245860","245860","245860","245860","245860","245860","245860","245860","245860","245860","245860","245860","245860","245860","245860","245860","245860","245860","245860","245860","245860","245860","245860","245860","245860","245860","245860","245860","245860","","",
"Gambia, The","GMB","Surface area (sq. km)","AG.SRF.TOTL.K2","","11300","11300","11300","11300","11300","11300","11300","11300","11300","11300","11300","11300","11300","11300","11300","11300","11300","11300","11300","11300","11300","11300","11300","11300","11300","11300","11300","11300","11300","11300","11300","11300","11300","11300","11300","11300","11300","11300","11300","11300","11300","11300","11300","11300","11300","11300","11300","11300","11300","11300","11300","11300","11300","11300","11300","11300","11300","11300","11300","11300","11300","11300","11300","","",
"Guinea-Bissau","GNB","Surface area (sq. km)","AG.SRF.TOTL.K2","","36130","36130","36130","36130","36130","36130","36130","36130","36130","36130","36130","36130","36130","36130","36130","36130","36130","36130","36130","36130","36130","36130","36130","36130","36130","36130","36130","36130","36130","36130","36130","36130","36130","36130","36130","36130","36130","36130","36130","36130","36130","36130","36130","36130","36130","36130","36130","36130","36130","36130","36130","36130","36130","36130","36130","36130","36130","36130","36130","36130","36130","36130","36130","","",
"Equatorial Guinea","GNQ","Surface area (sq. km)","AG.SRF.TOTL.K2","","28050","28050","28050","28050","28050","28050","28050","28050","28050","28050","28050","28050","28050","28050","28050","28050","28050","28050","28050","28050","28050","28050","28050","28050","28050","28050","28050","28050","28050","28050","28050","28050","28050","28050","28050","28050","28050","28050","28050","28050","28050","28050","28050","28050","28050","28050","28050","28050","28050","28050","28050","28050","28050","28050","28050","28050","28050","28050","28050","28050","28050","28050","28050","","",
"Greece","GRC","Surface area (sq. km)","AG.SRF.TOTL.K2","","131960","131960","131960","131960","131960","131960","131960","131960","131960","131960","131960","131960","131960","131960","131960","131960","131960","131960","131960","131960","131960","131960","131960","131960","131960","131960","131960","131960","131960","131960","131960","131960","131960","131960","131960","131960","131960","131960","131960","131960","131960","131960","131960","131960","131960","131960","131960","131960","131960","131960","131960","131960","131960","131960","131960","131960","131960","131960","131960","131960","131960","131960","131960","","",
"Grenada","GRD","Surface area (sq. km)","AG.SRF.TOTL.K2","","340","340","340","340","340","340","340","340","340","340","340","340","340","340","340","340","340","340","340","340","340","340","340","340","340","340","340","340","340","340","340","340","340","340","340","340","340","340","340","340","340","340","340","340","340","340","340","340","340","340","340","340","340","340","340","340","340","340","340","340","340","340","340","","",
"Greenland","GRL","Surface area (sq. km)","AG.SRF.TOTL.K2","","341700","341700","341700","341700","341700","341700","341700","341700","341700","341700","341700","341700","341700","341700","341700","341700","341700","341700","341700","341700","341700","341700","341700","341700","341700","341700","341700","341700","341700","341700","341700","341700","341700","341700","341700","341700","410450","410450","410450","410450","410450","410450","410450","410450","410450","410450","410450","410450","410450","410450","410450","410450","410450","410450","410450","410450","410450","410450","410450","410450","410450","410450","410450","","",
"Guatemala","GTM","Surface area (sq. km)","AG.SRF.TOTL.K2","","108890","108890","108890","108890","108890","108890","108890","108890","108890","108890","108890","108890","108890","108890","108890","108890","108890","108890","108890","108890","108890","108890","108890","108890","108890","108890","108890","108890","108890","108890","108890","108890","108890","108890","108890","108890","108890","108890","108890","108890","108890","108890","108890","108890","108890","108890","108890","108890","108890","108890","108890","108890","108890","108890","108890","108890","108890","108890","108890","108890","108890","108890","108890","","",
"Guam","GUM","Surface area (sq. km)","AG.SRF.TOTL.K2","","540","540","540","540","540","540","540","540","540","540","540","540","540","540","540","540","540","540","540","540","540","540","540","540","540","540","540","540","540","540","540","540","540","540","540","540","540","540","540","540","540","540","540","540","540","540","540","540","540","540","540","540","540","540","540","540","540","540","540","540","540","540","540","","",
"Guyana","GUY","Surface area (sq. km)","AG.SRF.TOTL.K2","","214970","214970","214970","214970","214970","214970","214970","214970","214970","214970","214970","214970","214970","214970","214970","214970","214970","214970","214970","214970","214970","214970","214970","214970","214970","214970","214970","214970","214970","214970","214970","214970","214970","214970","214970","214970","214970","214970","214970","214970","214970","214970","214970","214970","214970","214970","214970","214970","214970","214970","214970","214970","214970","214970","214970","214970","214970","214970","214970","214970","214970","214970","214970","","",
"High income","HIC","Surface area (sq. km)","AG.SRF.TOTL.K2","","60094313.037","60094313.037","60094313.037","60094313.037","60094313.037","60094313.037","60094313.037","60094313.037","60094313.037","60094313.037","60094313.037","60094313.037","60094313.037","60094313.037","60094313.037","60094313.037","60094313.037","60094313.037","60094313.737","60094223.737","60094223.737","60094223.737","60094223.737","60094223.737","60094223.737","60094223.737","60094223.737","60094223.737","60094223.737","60094223.737","60094223.737","60094243.737","60094263.737","60094273.737","60094303.737","60094393.737","60163143.737","60163073.737","60163073.737","60165232.737","60165618.737","60165994.737","60166440.737","60166199.737","60166259.737","60166595.337","60166709.83","60366339.83","60366552.13","60366936.33","60367007.53","60367507.53","60725122.65","60724950.94","60724987.59","60725833.91","60725687.44","60725915.599","60726902.136","60822064.871","60816006.014","60779885.401","60781003.818","","",
"Hong Kong SAR, China","HKG","Surface area (sq. km)","AG.SRF.TOTL.K2","","1070","1070","1070","1070","1070","1070","1070","1070","1070","1070","1070","1070","1070","1070","1070","1070","1070","1070","1070","1070","1070","1070","1070","1070","1070","1070","1070","1070","1070","1070","1070","1070","1070","1070","1080","1090","1090","1090","1090","1100","1100","1100","1100","1100","1100","1100","1100","1100","1100","1100","1100","1100","1100","1105","1106","1110","1110","1110","1110","1110","1110","1110","1110","","",
"Honduras","HND","Surface area (sq. km)","AG.SRF.TOTL.K2","","112490","112490","112490","112490","112490","112490","112490","112490","112490","112490","112490","112490","112490","112490","112490","112490","112490","112490","112490","112490","112490","112490","112490","112490","112490","112490","112490","112490","112490","112490","112490","112490","112490","112490","112490","112490","112490","112490","112490","112490","112490","112490","112490","112490","112490","112490","112490","112490","112490","112490","112490","112490","112490","112490","112490","112490","112490","112490","112490","112490","112490","112490","112490","","",
"Heavily indebted poor countries (HIPC)","HPC","Surface area (sq. km)","AG.SRF.TOTL.K2","","20393351","20393351","20393351","20393351","20393351","20393351","20393351","20393351","20393351","20393351","20393351","20393351","20393351","20393351","20393351","20393351","20393351","20393351","20393351","20393351","20393351","20393351","20393351","20393351","20393351","20393351","20393351","20393351","20393351","20393351","20393351","20393351","20393351","20393351","20393351","20393351","20393351","20393351","20393351","20393351","20393351","20393351","20393351","20429385.16","20429384.203","20429353.95","20429321.777","20429338.479","20429350.8","20429345.478","20429624.019","19801807.65","19801775.508","19801762.015","19801815.605","19801802.944","19801797.218","19801803.387","19801780.206","19801739.027","19801874.5","19801874.5","19801888.5","","",
"Croatia","HRV","Surface area (sq. km)","AG.SRF.TOTL.K2","","56540","56540","56540","56540","56540","56540","56540","56540","56540","56540","56540","56540","56540","56540","56540","56540","56540","56540","56540","56540","56540","56540","56540","56540","56540","56540","56540","56540","56540","56540","56540","56540","56540","56540","56540","56610","56610","56540","56540","56540","56540","56540","56594","56590","56590","56590","56590","56590","56590","56590","56590","56590","88073","88073","88073","88073","88073","88073","88073","88070","88070","88070","88070","","",
"Haiti","HTI","Surface area (sq. km)","AG.SRF.TOTL.K2","","27750","27750","27750","27750","27750","27750","27750","27750","27750","27750","27750","27750","27750","27750","27750","27750","27750","27750","27750","27750","27750","27750","27750","27750","27750","27750","27750","27750","27750","27750","27750","27750","27750","27750","27750","27750","27750","27750","27750","27750","27750","27750","27750","27750","27750","27750","27750","27750","27750","27750","27750","27750","27750","27750","27750","27750","27750","27750","27750","27750","27750","27750","27750","","",
"Hungary","HUN","Surface area (sq. km)","AG.SRF.TOTL.K2","","93030","93030","93030","93030","93030","93030","93030","93030","93030","93030","93030","93030","93030","93030","93030","93030","93030","93030","93030","93030","93030","93030","93030","93030","93030","93030","93030","93030","93030","93030","93030","93030","93030","93030","93030","93030","93030","93030","93030","93030","93030","93030","93030","93030","93030","93030","93030","93030","93030","93030","93030","93030","93030","93030","93030","93030","93030","93030","93030","93030","93030","93030","93030","","",
"IBRD only","IBD","Surface area (sq. km)","AG.SRF.TOTL.K2","","72704208","72704208","72704208","72704208","72704208","72704208","72704208","72704208","72704208","72704208","72704208","72704208","72704208","72704208","72704208","72704208","72702088","72702088","72704128","72704118","72704118","72704118","72704118","72704118","72704118","72704118","72702778","72702788","72702788","72703458","72703488","72703518","72703608","72703608","72703608","72703668","72703658","72676398","72676398","72674518","72674522.2","72674571.2","72674634.7","72674654.5","72676551.8","72676541.4","72676540.8","72676379.8","72673840","72673755","72673725","72673717","72704628","72704794","72707393","72708364","72711508","72711479.2","72813129.113","72831890.112","72832085.163","72825239.484","72824564.549","","",
"IDA & IBRD total","IBT","Surface area (sq. km)","AG.SRF.TOTL.K2","","98502229","98502229","98502229","98502229","98502229","98502229","98502229","98502229","98502229","98502229","98502229","98502229","98502229","98502229","98502229","98502229","98500109","98500109","98502149","98502139","98502139","98502139","98502139","98502139","98502139","98502139","98500799","98500809","98500809","98501479","98501509","98501539","98501629","98494706","98494706","98494766","98494756","98467496","98467496","98462319","98462323.2","98462372.2","98462435.7","98496806.66","98498703.003","98498662.35","98498629.577","98498485.279","98495956.8","98495866.478","98496115.019","98515173.65","98546052.508","98544201.015","98551678.605","98552637.944","98556123.218","98555689.587","98657315.319","98687635.139","98687964.663","98681118.984","98680450.049","","",
"IDA total","IDA","Surface area (sq. km)","AG.SRF.TOTL.K2","","25798021","25798021","25798021","25798021","25798021","25798021","25798021","25798021","25798021","25798021","25798021","25798021","25798021","25798021","25798021","25798021","25798021","25798021","25798021","25798021","25798021","25798021","25798021","25798021","25798021","25798021","25798021","25798021","25798021","25798021","25798021","25798021","25798021","25791098","25791098","25791098","25791098","25791098","25791098","25787801","25787801","25787801","25787801","25822152.16","25822151.203","25822120.95","25822088.777","25822105.479","25822116.8","25822111.478","25822390.019","25841456.65","25841424.508","25839407.015","25844285.605","25844273.944","25844615.218","25844210.387","25844186.206","25855745.027","25855879.5","25855879.5","25855885.5","","",
"IDA blend","IDB","Surface area (sq. km)","AG.SRF.TOTL.K2","","4984560","4984560","4984560","4984560","4984560","4984560","4984560","4984560","4984560","4984560","4984560","4984560","4984560","4984560","4984560","4984560","4984560","4984560","4984560","4984560","4984560","4984560","4984560","4984560","4984560","4984560","4984560","4984560","4984560","4984560","4984560","4984560","4984560","4984560","4984560","4984560","4984560","4984560","4984560","4981263","4981263","4981263","4981263","4981263","4981263","4981263","4981263","4981263","4981263","4981263","4981263","4981263","4981263","4981263","4986084","4986084","4986084","4986084","4986084","4997683","4997683","4997683","4997675","","",
"Indonesia","IDN","Surface area (sq. km)","AG.SRF.TOTL.K2","","1910930","1910930","1910930","1910930","1910930","1910930","1910930","1910930","1910930","1910930","1910930","1910930","1910930","1910930","1910930","1910930","1910930","1910930","1910930","1910930","1910930","1910930","1910930","1910930","1910930","1910930","1910930","1910930","1910930","1910930","1910930","1910930","1910930","1910930","1910930","1910930","1910930","1910930","1910930","1910930","1910930","1910930","1910930","1910930","1910930","1910930","1910930","1910930","1910930","1910930","1910930","1910930","1910930","1910931","1913580","1913580","1916820","1916862.2","1916906.77","1916906.77","1916906.77","1916906.77","1916906.77","","",
"IDA only","IDX","Surface area (sq. km)","AG.SRF.TOTL.K2","","20813461","20813461","20813461","20813461","20813461","20813461","20813461","20813461","20813461","20813461","20813461","20813461","20813461","20813461","20813461","20813461","20813461","20813461","20813461","20813461","20813461","20813461","20813461","20813461","20813461","20813461","20813461","20813461","20813461","20813461","20813461","20813461","20813461","20806538","20806538","20806538","20806538","20806538","20806538","20806538","20806538","20806538","20806538","20840889.16","20840888.203","20840857.95","20840825.777","20840842.479","20840853.8","20840848.478","20841127.019","20860193.65","20860161.508","20858144.015","20858201.605","20858189.944","20858531.218","20858126.387","20858102.206","20858062.027","20858196.5","20858196.5","20858210.5","","",
"Isle of Man","IMN","Surface area (sq. km)","AG.SRF.TOTL.K2","","570","570","570","570","570","570","570","570","570","570","570","570","570","570","570","570","570","570","570","570","570","570","570","570","570","570","570","570","570","570","570","570","570","570","570","570","570","570","570","570","570","570","570","570","570","570","570","570","570","570","570","570","570","570","570","570","570","570","570","570","570","570","570","","",
"India","IND","Surface area (sq. km)","AG.SRF.TOTL.K2","","3287260","3287260","3287260","3287260","3287260","3287260","3287260","3287260","3287260","3287260","3287260","3287260","3287260","3287260","3287260","3287260","3287260","3287260","3287260","3287260","3287260","3287260","3287260","3287260","3287260","3287260","3287260","3287260","3287260","3287260","3287260","3287260","3287260","3287260","3287260","3287260","3287260","3287260","3287260","3287260","3287260","3287260","3287260","3287260","3287260","3287260","3287260","3287260","3287260","3287260","3287260","3287260","3287260","3287260","3287260","3287260","3287260","3287260","3287260","3287260","3287260","3287260","3287260","","",
"Not classified","INX","Surface area (sq. km)","AG.SRF.TOTL.K2","","","","","","","","","","","","","","","","","","","","","","","","","","","","","","","","","","","","","","","","","","","","","","","","","","","","","","","","","","","","","","","","","","",
"Ireland","IRL","Surface area (sq. km)","AG.SRF.TOTL.K2","","70280","70280","70280","70280","70280","70280","70280","70280","70280","70280","70280","70280","70280","70280","70280","70280","70280","70280","70280","70280","70280","70280","70280","70280","70280","70280","70280","70280","70280","70280","70280","70280","70280","70280","70280","70280","70280","70280","70280","70280","70280","70280","70280","70280","70280","70280","70280","70280","70280","70280","70280","70280","70280","70280","70280","70280","70280","70280","70280","70280","70280","70280","70280","","",
"Iran, Islamic Rep.","IRN","Surface area (sq. km)","AG.SRF.TOTL.K2","","1745150","1745150","1745150","1745150","1745150","1745150","1745150","1745150","1745150","1745150","1745150","1745150","1745150","1745150","1745150","1745150","1745150","1745150","1745150","1745150","1745150","1745150","1745150","1745150","1745150","1745150","1745150","1745150","1745150","1745150","1745150","1745150","1745150","1745150","1745150","1745150","1745150","1745150","1745150","1745150","1745150","1745150","1745150","1745150","1745150","1745150","1745150","1745150","1745150","1745150","1745150","1745150","1745150","1745150","1745150","1745150","1745150","1745150","1745150","1745150","1745150","1745150","1745150","","",
"Iraq","IRQ","Surface area (sq. km)","AG.SRF.TOTL.K2","","438320","438320","438320","438320","438320","438320","438320","438320","438320","438320","438320","438320","438320","438320","438320","438320","438320","438320","438320","438320","438320","438320","438320","438320","438320","438320","438320","438320","438320","438320","438320","438320","438320","438320","438320","438320","438320","438320","438320","438320","438320","438320","438320","438320","438320","438320","438320","438320","435240","435240","435240","435240","435052","435052","435052","435052","435052","435052","435050","435050","435050","435050","435050","","",
"Iceland","ISL","Surface area (sq. km)","AG.SRF.TOTL.K2","","103000","103000","103000","103000","103000","103000","103000","103000","103000","103000","103000","103000","103000","103000","103000","103000","103000","103000","103000","103000","103000","103000","103000","103000","103000","103000","103000","103000","103000","103000","103000","103000","103000","103000","103000","103000","103000","103000","103000","103000","103000","103000","103000","103000","103000","103000","103000","103000","103000","103000","103000","103000","103000","103000","103000","103000","103000","103000","103000","103000","103000","103000","103000","","",
"Israel","ISR","Surface area (sq. km)","AG.SRF.TOTL.K2","","22070","22070","22070","22070","22070","22070","22070","22070","22070","22070","22070","22070","22070","22070","22070","22070","22070","22070","22070","22070","22070","22070","22070","22070","22070","22070","22070","22070","22070","22070","22070","22070","22070","22070","22070","22070","22070","22070","22070","22070","22070","22070","22070","22070","22070","22070","22070","22070","22070","22070","22070","22070","22070","22070","22070","22070","22070","22070","22070","22070","22070","22070","22070","","",
"Italy","ITA","Surface area (sq. km)","AG.SRF.TOTL.K2","","301340","301340","301340","301340","301340","301340","301340","301340","301340","301340","301340","301340","301340","301340","301340","301340","301340","301340","301340","301340","301340","301340","301340","301340","301340","301340","301340","301340","301340","301340","301340","301340","301340","301340","301340","301340","301340","301340","301340","302069","302069","302069","302069","302069","302069","302069","302069","302069","302069","302069","302069","302069","302069","302069","302069","302069","302069","302069","302068","302068","302068","302070","302070","","",
"Jamaica","JAM","Surface area (sq. km)","AG.SRF.TOTL.K2","","10990","10990","10990","10990","10990","10990","10990","10990","10990","10990","10990","10990","10990","10990","10990","10990","10990","10990","10990","10990","10990","10990","10990","10990","10990","10990","10990","10990","10990","10990","10990","10990","10990","10990","10990","10990","10990","10990","10990","10990","10990","10990","10990","10990","10990","10990","10990","10990","10990","10990","10990","10990","10990","10990","10990","10990","10990","10990","10990","10990","10990","10990","10990","","",
"Jordan","JOR","Surface area (sq. km)","AG.SRF.TOTL.K2","","88780","88780","88780","88780","88780","88780","88780","88780","88780","88780","88780","88780","88780","88780","88780","88780","88780","88780","88780","88780","88780","88780","88780","88780","88780","88780","88780","88780","88780","88780","88780","88780","88780","88780","88780","88780","88780","88780","88780","88780","88780","88780","88780","88780","88780","88780","88780","88780","89320","89320","89320","89320","89320","89320","89320","89320","89320","89320","89318","89318","89318","89318","89318","","",
"Japan","JPN","Surface area (sq. km)","AG.SRF.TOTL.K2","","377800","377800","377800","377800","377800","377800","377800","377800","377800","377800","377800","377800","377800","377800","377800","377800","377800","377800","377800","377800","377800","377800","377800","377800","377800","377800","377800","377800","377800","377800","377800","377800","377800","377800","377800","377800","377800","377800","377800","377800","377880","377890","377900","377910","377910","377920","377930","377940","377947","377950","377955","377960","377962","377962","377971","377970","377970","377974","377974","377974","377974","377969.27","377969.27","","",
"Kazakhstan","KAZ","Surface area (sq. km)","AG.SRF.TOTL.K2","","2724902","2724902","2724902","2724902","2724902","2724902","2724902","2724902","2724902","2724902","2724902","2724902","2724902","2724902","2724902","2724902","2724902","2724902","2724902","2724902","2724902","2724902","2724902","2724902","2724902","2724902","2724902","2724902","2724902","2724902","2724902","2724902","2724902","2724902","2724902","2724902","2724902","2724902","2724902","2724902","2724902","2724902","2724902","2724902","2724902","2724902","2724902","2724902","2724902","2724902","2724902","2724902","2724902","2724902","2724902","2724902","2724902","2724902","2724902","2724900","2724900","2724902","2724902","","",
"Kenya","KEN","Surface area (sq. km)","AG.SRF.TOTL.K2","","580370","580370","580370","580370","580370","580370","580370","580370","580370","580370","580370","580370","580370","580370","580370","580370","580370","580370","580370","580370","580370","580370","580370","580370","580370","580370","580370","580370","580370","580370","580370","580370","580370","580370","580370","580370","580370","580370","580370","580370","580370","580370","580370","580370","580370","580370","580370","580370","580370","580370","580370","580370","580370","580370","580370","580370","580370","580370","580370","591969","591969","591969","591969","","",
"Kyrgyz Republic","KGZ","Surface area (sq. km)","AG.SRF.TOTL.K2","","199950","199950","199950","199950","199950","199950","199950","199950","199950","199950","199950","199950","199950","199950","199950","199950","199950","199950","199950","199950","199950","199950","199950","199950","199950","199950","199950","199950","199950","199950","199950","199950","199950","199950","199950","199950","199950","199950","199950","199950","199950","199950","199950","199950","199950","199950","199950","199950","199949","199949","199949","199949","199949","199949","199949","199950","199950","199950","199949","199950","199950","199950","199950","","",
"Cambodia","KHM","Surface area (sq. km)","AG.SRF.TOTL.K2","","181040","181040","181040","181040","181040","181040","181040","181040","181040","181040","181040","181040","181040","181040","181040","181040","181040","181040","181040","181040","181040","181040","181040","181040","181040","181040","181040","181040","181040","181040","181040","181040","181040","181040","181040","181040","181040","181040","181040","181040","181040","181040","181040","181040","181040","181040","181040","181040","181040","181040","181040","181040","181040","181040","181040","181040","181040","181040","181040","181040","181040","181040","181040","","",
"Kiribati","KIR","Surface area (sq. km)","AG.SRF.TOTL.K2","","810","810","810","810","810","810","810","810","810","810","810","810","810","810","810","810","810","810","810","810","810","810","810","810","810","810","810","810","810","810","810","810","810","810","810","810","810","810","810","810","810","810","810","810","810","810","810","810","810","810","810","810","810","810","810","810","810","810","810","810","810","810","810","","",
"St. Kitts and Nevis","KNA","Surface area (sq. km)","AG.SRF.TOTL.K2","","350","350","350","350","350","350","350","350","350","350","350","350","350","350","350","350","350","350","350","260","260","260","260","260","260","260","260","260","260","260","260","260","260","260","260","260","260","260","260","260","260","260","260","260","260","260","260","260","260","260","260","260","260","260","260","260","260","260","260","260","260","260","260","","",
"Korea, Rep.","KOR","Surface area (sq. km)","AG.SRF.TOTL.K2","","99260","99260","99260","99260","99260","99260","99260","99260","99260","99260","99260","99260","99260","99260","99260","99260","99260","99260","99260","99260","99260","99260","99260","99260","99260","99260","99260","99260","99260","99260","99260","99260","99260","99260","99260","99260","99260","99260","99260","99260","99540","99590","99600","99620","99650","99680","99720","99830","99900","100030","100030","100150","100266","100280","100295","100339","100360","100380","100400","100410","100430","100440","100450","","",
"Kuwait","KWT","Surface area (sq. km)","AG.SRF.TOTL.K2","","17820","17820","17820","17820","17820","17820","17820","17820","17820","17820","17820","17820","17820","17820","17820","17820","17820","17820","17820","17820","17820","17820","17820","17820","17820","17820","17820","17820","17820","17820","17820","17820","17820","17820","17820","17820","17820","17820","17820","17820","17820","17820","17820","17820","17820","17820","17820","17820","17820","17820","17820","17820","17820","17820","17820","17820","17820","17820","17820","17820","17820","17820","17820","","",
"Latin America & Caribbean (excluding high income)","LAC","Surface area (sq. km)","AG.SRF.TOTL.K2","","19147440","19147440","19147440","19147440","19147440","19147440","19147440","19147440","19147440","19147440","19147440","19147440","19147440","19147440","19147440","19147440","19147440","19147440","19147440","19147440","19147440","19147440","19147440","19147440","19147440","19147440","19147440","19147440","19147440","19147440","19147440","19147440","19147440","19147440","19147440","19147440","19147440","19120250","19120250","19120250","19120250","19120250","19120250","19120250","19120250","19120250","19120250","19120250","19120250","19120242","19120242","19120240","19120241","19120236","19120236","19120236","19120236","19120242","19218411.463","19213547.713","19213547.713","19206692.813","19204736.06","","",
"Lao PDR","LAO","Surface area (sq. km)","AG.SRF.TOTL.K2","","236800","236800","236800","236800","236800","236800","236800","236800","236800","236800","236800","236800","236800","236800","236800","236800","236800","236800","236800","236800","236800","236800","236800","236800","236800","236800","236800","236800","236800","236800","236800","236800","236800","236800","236800","236800","236800","236800","236800","236800","236800","236800","236800","236800","236800","236800","236800","236800","236800","236800","236800","236800","236800","236800","236800","236800","236800","236800","236800","236800","236800","236800","236800","","",
"Lebanon","LBN","Surface area (sq. km)","AG.SRF.TOTL.K2","","10450","10450","10450","10450","10450","10450","10450","10450","10450","10450","10450","10450","10450","10450","10450","10450","10450","10450","10450","10450","10450","10450","10450","10450","10450","10450","10450","10450","10450","10450","10450","10450","10450","10450","10450","10450","10450","10450","10450","10450","10450","10450","10450","10450","10450","10450","10450","10450","10450","10450","10450","10450","10450","10450","10450","10450","10450","10450","10450","10450","10450","10450","10450","","",
"Liberia","LBR","Surface area (sq. km)","AG.SRF.TOTL.K2","","111370","111370","111370","111370","111370","111370","111370","111370","111370","111370","111370","111370","111370","111370","111370","111370","111370","111370","111370","111370","111370","111370","111370","111370","111370","111370","111370","111370","111370","111370","111370","111370","111370","111370","111370","111370","111370","111370","111370","111370","111370","111370","111370","111370","111370","111370","111370","111370","111370","111370","111370","111370","111370","111370","111370","111370","111370","111370","111370","111370","111370","111370","111370","","",
"Libya","LBY","Surface area (sq. km)","AG.SRF.TOTL.K2","","1759540","1759540","1759540","1759540","1759540","1759540","1759540","1759540","1759540","1759540","1759540","1759540","1759540","1759540","1759540","1759540","1759540","1759540","1759540","1759540","1759540","1759540","1759540","1759540","1759540","1759540","1759540","1759540","1759540","1759540","1759540","1759540","1759540","1759540","1759540","1759540","1759540","1759540","1759540","1759540","1759540","1759540","1759540","1759540","1759540","1759540","1759540","1759540","1759540","1759540","1759540","1759540","1759540","1759540","1759540","1759540","1759540","1759540","1759540","1759540","1759540","1759540","1759540","","",
"St. Lucia","LCA","Surface area (sq. km)","AG.SRF.TOTL.K2","","620","620","620","620","620","620","620","620","620","620","620","620","620","620","620","620","620","620","620","620","620","620","620","620","620","620","620","620","620","620","620","620","620","620","620","620","620","620","620","620","620","620","620","620","620","620","620","620","620","620","620","620","620","620","620","620","620","620","620","620","620","620","620","","",
"Latin America & Caribbean","LCN","Surface area (sq. km)","AG.SRF.TOTL.K2","","20452718","20452718","20452718","20452718","20452718","20452718","20452718","20452718","20452718","20452718","20452718","20452718","20452718","20452718","20452718","20452718","20452718","20452718","20452718","20452628","20452628","20452628","20452628","20452628","20452628","20452628","20452628","20452628","20452628","20452628","20452628","20452628","20452628","20452628","20452628","20452628","20452628","20425438","20425438","20425438","20425438","20425438","20425438","20425438","20425438","20425438","20425438","20425438","20425438","20425430","20425480","20425478","20425479","20425374","20425374","20425978","20425978","20425984","20524698.343","20519834.593","20519834.593","20512979.693","20511022.94","","",
"Least developed countries: UN classification","LDC","Surface area (sq. km)","AG.SRF.TOTL.K2","","20720451","20720451","20720451","20720451","20720451","20720451","20720451","20720451","20720451","20720451","20720451","20720451","20720451","20720451","20720451","20720451","20720451","20720451","20720451","20720451","20720451","20720451","20720451","20720451","20720451","20720451","20720451","20720451","20720451","20720451","20720451","20720451","20720451","20720451","20720451","20720451","20720451","20720451","20720451","20720451","20720451","20720451","20720451","20756485.16","20756484.203","20756453.95","20756421.777","20756438.479","20756450.8","20756445.478","20756724.019","20775790.65","20775758.508","20774915.015","20774968.605","20774955.944","20775297.218","20774896.387","20774880.206","20774839.027","20774974.5","20774974.5","20774982.5","","",
"Low income","LIC","Surface area (sq. km)","AG.SRF.TOTL.K2","","14916890","14916890","14916890","14916890","14916890","14916890","14916890","14916890","14916890","14916890","14916890","14916890","14916890","14916890","14916890","14916890","14916890","14916890","14916890","14916890","14916890","14916890","14916890","14916890","14916890","14916890","14916890","14916890","14916890","14916890","14916890","14916890","14916890","14916890","14916890","14916890","14916890","14916890","14916890","14916890","14916890","14916890","14916890","14952924.16","14952923.203","14952892.95","14952860.777","14952877.479","14952889.8","14952884.478","14953163.019","14972229.65","14972197.508","14972184.015","14972237.605","14972224.944","14972219.218","14972225.387","14972209.206","14972168.027","14972303.5","14972303.5","14972311.5","","",
"Liechtenstein","LIE","Surface area (sq. km)","AG.SRF.TOTL.K2","","160","160","160","160","160","160","160","160","160","160","160","160","160","160","160","160","160","160","160","160","160","160","160","160","160","160","160","160","160","160","160","160","160","160","160","160","160","160","160","160","160","160","160","160","160","160","160","160","160","160","160","160","160","160","160","160","160","160","160","160","160","160","160","","",
"Sri Lanka","LKA","Surface area (sq. km)","AG.SRF.TOTL.K2","","65610","65610","65610","65610","65610","65610","65610","65610","65610","65610","65610","65610","65610","65610","65610","65610","65610","65610","65610","65610","65610","65610","65610","65610","65610","65610","65610","65610","65610","65610","65610","65610","65610","65610","65610","65610","65610","65610","65610","65610","65610","65610","65610","65610","65610","65610","65610","65610","65610","65610","65610","65610","65610","65610","65610","65610","65610","65610","65610","65610","65610","65610","65610","","",
"Lower middle income","LMC","Surface area (sq. km)","AG.SRF.TOTL.K2","","19502061","19502061","19502061","19502061","19502061","19502061","19502061","19502061","19502061","19502061","19502061","19502061","19502061","19502061","19502061","19502061","19502061","19502061","19502061","19502061","19502061","19502061","19502061","19502061","19502061","19502061","19502061","19502061","19502061","19502061","19502061","19502061","19502061","19495138","19495138","19495138","19495138","19495138","19495138","19491841","19491841","19491841","19491841","19490158","19490158","19490158","19490158","19490158","19490157","19490157","19490157","19490157","19490157","19488153","19492978","19492979","19493326","19492915","19492907","19504507","19504511","19504511","19504513","","",
"Low & middle income","LMY","Surface area (sq. km)","AG.SRF.TOTL.K2","","79640733","79640733","79640733","79640733","79640733","79640733","79640733","79640733","79640733","79640733","79640733","79640733","79640733","79640733","79640733","79640733","79638613","79638613","79640653","79640733","79640733","79640733","79640733","79640733","79640733","79640733","79639393","79639403","79639403","79640073","79640103","79640133","79640223","79633300","79633300","79633290","79633280","79606090","79606090","79600913","79600917.2","79600966.2","79600975.7","79635340.66","79637237.003","79637206.35","79637173.577","79637029.279","79634500.8","79634390.478","79634639.019","79653697.65","79653083.508","79651332.015","79658809.605","79659164.944","79662650.218","79662206.587","79763287.439","79766650.259","79766984.783","79760129.104","79758253.411","","",
"Lesotho","LSO","Surface area (sq. km)","AG.SRF.TOTL.K2","","30360","30360","30360","30360","30360","30360","30360","30360","30360","30360","30360","30360","30360","30360","30360","30360","30360","30360","30360","30360","30360","30360","30360","30360","30360","30360","30360","30360","30360","30360","30360","30360","30360","30360","30360","30360","30360","30360","30360","30360","30360","30360","30360","30360","30360","30360","30360","30360","30360","30360","30360","30360","30360","30360","30360","30360","30360","30360","30360","30360","30360","30360","30360","","",
"Late-demographic dividend","LTE","Surface area (sq. km)","AG.SRF.TOTL.K2","","45784979.9","45784979.9","45784979.9","45784979.9","45784979.9","45784979.9","45784979.9","45784979.9","45784979.9","45784979.9","45784979.9","45784979.9","45784979.9","45784979.9","45784979.9","45784979.9","45782859.9","45782859.9","45784899.9","45784979.9","45784979.9","45784979.9","45784979.9","45784979.9","45784979.9","45784979.9","45783639.9","45783649.9","45783649.9","45784319.9","45784349.9","45784379.9","45784479.9","45784479.9","45784479.9","45784469.9","45784459.9","45784459.9","45784459.9","45782050.9","45782055.1","45782104.1","45782113.6","45782127.4","45784024.7","45784014.3","45784013.7","45783857.7","45783861.9","45783771.9","45783740.9","45783732.9","45783458.9","45783603.9","45783552.9","45784524.9","45784428.9","45784351.9","45784682.78","45807166.579","45807341.63","45802000.851","45803282.961","","",
"Lithuania","LTU","Surface area (sq. km)","AG.SRF.TOTL.K2","","65300","65300","65300","65300","65300","65300","65300","65300","65300","65300","65300","65300","65300","65300","65300","65300","65300","65300","65300","65300","65300","65300","65300","65300","65300","65300","65300","65300","65300","65300","65300","65300","65300","65300","65300","65300","65300","65300","65300","65300","65300","65300","65300","65300","65300","65300","65300","65300","65300","65300","65300","65300","65300","65286","65286","65286","65286","65290","65290","65290","65290","65286","65290","","",
"Luxembourg","LUX","Surface area (sq. km)","AG.SRF.TOTL.K2","","","","","","","","","","","","","","","","","","","","","","","","","","","","","","","","","","","","","","","","","2590","2590","2590","2590","2590","2590","2590","2590","2590","2590","2590","2590","2590","2590","2590","2590","2590","2590","2590","2590","2590","2590","2590","2590","","",
"Latvia","LVA","Surface area (sq. km)","AG.SRF.TOTL.K2","","64594","64594","64594","64594","64594","64594","64594","64594","64594","64594","64594","64594","64594","64594","64594","64594","64594","64594","64594","64594","64594","64594","64594","64594","64594","64594","64594","64594","64594","64594","64594","64594","64594","64594","64594","64594","64594","64594","64594","64594","64594","64594","64594","64594","64594","64594","64594","64594","64594","64594","64594","64594","64594","64594","64594","64594","64594","64594","64594","64590","64590","64590","64590","","",
"Macao SAR, China","MAC","Surface area (sq. km)","AG.SRF.TOTL.K2","","20","20","20","20","20","20","20","20","20","20","20","20","20","20","20","20","20","20","20","20","20","20","20","20","20","20","20","20","20","20","20","20","20","20","20","20","20","20","20","20","26","27","27","28","28","28.6","29.2","29.2","29.5","29.7","29.9","29.9","30.3","30.3","30.4","30.5","30.8","32.9","32.9","32.9","33","33","33","","",
"St. Martin (French part)","MAF","Surface area (sq. km)","AG.SRF.TOTL.K2","","","","","","","","","","","","","","","","","","","","","","","","","","","","","","","","","","","","","","","","","","","","","","","","","","","","50","50","50","50","50","50","50","50","50","50","50","50","50","","",
"Morocco","MAR","Surface area (sq. km)","AG.SRF.TOTL.K2","","446550","446550","446550","446550","446550","446550","446550","446550","446550","446550","446550","446550","446550","446550","446550","446550","446550","446550","446550","446550","446550","446550","446550","446550","446550","446550","446550","446550","446550","446550","446550","446550","446550","446550","446550","446550","446550","446550","446550","446550","446550","446550","446550","446550","446550","446550","446550","446550","446550","446550","446550","446550","446550","446550","446550","446550","446550","446550","446550","446550","446550","446550","446550","","",
"Monaco","MCO","Surface area (sq. km)","AG.SRF.TOTL.K2","","2.027","2.027","2.027","2.027","2.027","2.027","2.027","2.027","2.027","2.027","2.027","2.027","2.027","2.027","2.027","2.027","2.027","2.027","2.027","2.027","2.027","2.027","2.027","2.027","2.027","2.027","2.027","2.027","2.027","2.027","2.027","2.027","2.027","2.027","2.027","2.027","2.027","2.027","2.027","2.027","2.027","2.027","2.027","2.027","2.027","2.027","74.92","74.92","74.92","74.92","74.92","74.92","74.92","74.92","74.92","74.92","74.92","74.92","74.92","74.92","74.9","74.9","74.9","","",
"Moldova","MDA","Surface area (sq. km)","AG.SRF.TOTL.K2","","33760","33760","33760","33760","33760","33760","33760","33760","33760","33760","33760","33760","33760","33760","33760","33760","33760","33760","33760","33760","33760","33760","33760","33760","33760","33760","33760","33760","33760","33760","33760","33760","33840","33840","33850","33850","33840","33840","33840","33840","33840","33840","33840","33850","33850","33850","33850","33850","33850","33850","33850","33850","33850","33850","33850","33850","33850","33850","33850","33850","33850","33850","33850","","",
"Madagascar","MDG","Surface area (sq. km)","AG.SRF.TOTL.K2","","587040","587040","587040","587040","587040","587040","587040","587040","587040","587040","587040","587040","587040","587040","587040","587040","587040","587040","587040","587040","587040","587040","587040","587040","587040","587040","587040","587040","587040","587040","587040","587040","587040","587040","587040","587040","587040","587040","587040","587040","587040","587040","587040","587040","587040","587040","587040","587040","587040","587040","587295","587295","587295","587295","587295","587295","587295","587295","587295","587295","587295","587295","587295","","",
"Maldives","MDV","Surface area (sq. km)","AG.SRF.TOTL.K2","","300","300","300","300","300","300","300","300","300","300","300","300","300","300","300","300","300","300","300","300","300","300","300","300","300","300","300","300","300","300","300","300","300","300","300","300","300","300","300","300","300","300","300","300","300","300","300","300","300","300","300","300","300","300","300","300","300","300","300","300","300","300","300","","",
"Middle East, North Africa, Afghanistan & Pakistan","MEA","Surface area (sq. km)","AG.SRF.TOTL.K2","","12837267.9","12837267.9","12837267.9","12837267.9","12837267.9","12837267.9","12837267.9","12837267.9","12837267.9","12837267.9","12837267.9","12837267.9","12837267.9","12837267.9","12837267.9","12837267.9","12837267.9","12837267.9","12837267.9","12837267.9","12837267.9","12837267.9","12837267.9","12837267.9","12837267.9","12837267.9","12837267.9","12837267.9","12837267.9","12837267.9","12837267.9","12837287.9","12837287.9","12837287.9","12837287.9","12837287.9","12837287.9","12837287.9","12837287.9","12837287.9","12837287.9","12837287.9","12837297.9","12837307.9","12837317.9","12837317.9","12837327.9","12837337.9","12834797.9","12834799.9","12834804.9","12834807.9","12834619.9","12834500.9","12834508.9","12834509.9","12834510.9","12834510.9","12834508.9","12834510.9","12834520.9","12834520.9","12834540.9","","",
"Mexico","MEX","Surface area (sq. km)","AG.SRF.TOTL.K2","","1964380","1964380","1964380","1964380","1964380","1964380","1964380","1964380","1964380","1964380","1964380","1964380","1964380","1964380","1964380","1964380","1964380","1964380","1964380","1964380","1964380","1964380","1964380","1964380","1964380","1964380","1964380","1964380","1964380","1964380","1964380","1964380","1964380","1964380","1964380","1964380","1964380","1964380","1964380","1964380","1964380","1964380","1964380","1964380","1964380","1964380","1964380","1964380","1964380","1964380","1964380","1964380","1964380","1964375","1964375","1964375","1964375","1964380","1964380","1960647.2","1960647.2","1959142.3","1957193.9","","",
"Marshall Islands","MHL","Surface area (sq. km)","AG.SRF.TOTL.K2","","180","180","180","180","180","180","180","180","180","180","180","180","180","180","180","180","180","180","180","180","180","180","180","180","180","180","180","180","180","180","180","180","180","180","180","180","180","180","180","180","180","180","180","180","180","180","180","180","180","180","180","180","180","180","180","180","180","180","180","180","180","180","180","","",
"Middle income","MIC","Surface area (sq. km)","AG.SRF.TOTL.K2","","64723843","64723843","64723843","64723843","64723843","64723843","64723843","64723843","64723843","64723843","64723843","64723843","64723843","64723843","64723843","64723843","64721723","64721723","64723763","64723843","64723843","64723843","64723843","64723843","64723843","64723843","64722503","64722513","64722513","64723183","64723213","64723243","64723333","64716410","64716410","64716400","64716390","64689200","64689200","64684023","64684027.2","64684076.2","64684085.7","64682416.5","64684313.8","64684313.4","64684312.8","64684151.8","64681611","64681506","64681476","64681468","64680886","64679148","64686572","64686940","64690431","64689981.2","64791078.233","64794482.232","64794681.283","64787825.604","64785941.911","","",
"North Macedonia","MKD","Surface area (sq. km)","AG.SRF.TOTL.K2","","25710","25710","25710","25710","25710","25710","25710","25710","25710","25710","25710","25710","25710","25710","25710","25710","25710","25710","25710","25710","25710","25710","25710","25710","25710","25710","25710","25710","25710","25710","25710","25710","25710","25710","25710","25710","25710","25710","25710","25710","25710","25710","25710","25710","25710","25710","25710","25710","25710","25710","25710","25710","25710","25710","25710","25710","25710","25710","25710","25710","25710","25710","25710","","",
"Mali","MLI","Surface area (sq. km)","AG.SRF.TOTL.K2","","1240190","1240190","1240190","1240190","1240190","1240190","1240190","1240190","1240190","1240190","1240190","1240190","1240190","1240190","1240190","1240190","1240190","1240190","1240190","1240190","1240190","1240190","1240190","1240190","1240190","1240190","1240190","1240190","1240190","1240190","1240190","1240190","1240190","1240190","1240190","1240190","1240190","1240190","1240190","1240190","1240190","1240190","1240190","1240190","1240190","1240190","1240190","1240190","1240190","1240190","1240190","1240190","1240190","1240190","1240190","1240190","1240190","1240190","1240190","1240190","1240190","1240190","1240190","","",
"Malta","MLT","Surface area (sq. km)","AG.SRF.TOTL.K2","","320","320","320","320","320","320","320","320","320","320","320","320","320","320","320","320","320","320","320","320","320","320","320","320","320","320","320","320","320","320","320","320","320","320","320","320","320","320","320","320","320","320","320","320","320","320","320","320","320","320","320","320","320","320","320","320","320","320","320","320","320","320","320","","",
"Myanmar","MMR","Surface area (sq. km)","AG.SRF.TOTL.K2","","676590","676590","676590","676590","676590","676590","676590","676590","676590","676590","676590","676590","676590","676590","676590","676590","676590","676590","676590","676590","676590","676590","676590","676590","676590","676590","676590","676590","676590","676590","676590","676590","676590","676590","676590","676590","676590","676590","676590","676590","676590","676590","676590","676590","676590","676590","676590","676590","676590","676590","676590","676590","676590","676590","676590","676590","676590","676590","676590","676590","676590","676590","676590","","",
"Middle East, North Africa, Afghanistan & Pakistan (excluding high income)","MNA","Surface area (sq. km)","AG.SRF.TOTL.K2","","10226920","10226920","10226920","10226920","10226920","10226920","10226920","10226920","10226920","10226920","10226920","10226920","10226920","10226920","10226920","10226920","10226920","10226920","10226920","10226920","10226920","10226920","10226920","10226920","10226920","10226920","10226920","10226920","10226920","10226920","10226920","10226920","10226920","10226920","10226920","10226920","10226920","10226920","10226920","10226920","10226920","10226920","10226920","10226920","10226920","10226920","10226920","10226920","10224380","10224380","10224380","10224380","10224192","10224192","10224193","10224193","10224193","10224193","10224188","10224188","10224193","10224193","10224203","","",
"Montenegro","MNE","Surface area (sq. km)","AG.SRF.TOTL.K2","","13810","13810","13810","13810","13810","13810","13810","13810","13810","13810","13810","13810","13810","13810","13810","13810","13810","13810","13810","13810","13810","13810","13810","13810","13810","13810","13810","13810","13810","13810","13810","13810","13810","13810","13810","13810","13810","13810","13810","13810","13810","13810","13810","13810","13810","13810","13810","13810","13810","13810","13810","13810","13810","13810","13810","13810","13810","13810","13810","13810","13810","13810","13888","","",
"Mongolia","MNG","Surface area (sq. km)","AG.SRF.TOTL.K2","","1564120","1564120","1564120","1564120","1564120","1564120","1564120","1564120","1564120","1564120","1564120","1564120","1564120","1564120","1564120","1564120","1564120","1564120","1564120","1564120","1564120","1564120","1564120","1564120","1564120","1564120","1564120","1564120","1564120","1564120","1564120","1564120","1564120","1564120","1564120","1564120","1564120","1564120","1564120","1564120","1564120","1564120","1564120","1564120","1564120","1564120","1564120","1564120","1564120","1564120","1564120","1564120","1564120","1564120","1564120","1564120","1564116","1564116","1564116","1564115.749","1564116","1564120","1564115.75","","",
"Northern Mariana Islands","MNP","Surface area (sq. km)","AG.SRF.TOTL.K2","","460","460","460","460","460","460","460","460","460","460","460","460","460","460","460","460","460","460","460","460","460","460","460","460","460","460","460","460","460","460","460","460","460","460","460","460","460","460","460","460","460","460","460","460","460","460","460","460","460","460","460","460","460","460","460","460","460","460","460","460","460","460","460","","",
"Mozambique","MOZ","Surface area (sq. km)","AG.SRF.TOTL.K2","","799380","799380","799380","799380","799380","799380","799380","799380","799380","799380","799380","799380","799380","799380","799380","799380","799380","799380","799380","799380","799380","799380","799380","799380","799380","799380","799380","799380","799380","799380","799380","799380","799380","799380","799380","799380","799380","799380","799380","799380","799380","799380","799380","799380","799380","799380","799380","799380","799380","799380","799380","799380","799380","799380","799380","799380","799380","799380","799380","799380","799380","799380","799380","","",
"Mauritania","MRT","Surface area (sq. km)","AG.SRF.TOTL.K2","","1030700","1030700","1030700","1030700","1030700","1030700","1030700","1030700","1030700","1030700","1030700","1030700","1030700","1030700","1030700","1030700","1030700","1030700","1030700","1030700","1030700","1030700","1030700","1030700","1030700","1030700","1030700","1030700","1030700","1030700","1030700","1030700","1030700","1030700","1030700","1030700","1030700","1030700","1030700","1030700","1030700","1030700","1030700","1030700","1030700","1030700","1030700","1030700","1030700","1030700","1030700","1030700","1030700","1030700","1030700","1030700","1030700","1030700","1030700","1030700","1030700","1030700","1030700","","",
"Mauritius","MUS","Surface area (sq. km)","AG.SRF.TOTL.K2","","2040","2040","2040","2040","2040","2040","2040","2040","2040","2040","2040","2040","2040","2040","2040","2040","2040","2040","2040","2040","2040","2040","2040","2040","2040","2040","2040","2040","2040","2040","2040","2040","2040","2040","2040","2040","2040","2040","2040","2040","2040","2040","2040","2040","2040","2040","2040","2040","2040","2040","2007","2007","2007","2007","2007","2007","2007","2007","2007","2007","2007","2010","2010","","",
"Malawi","MWI","Surface area (sq. km)","AG.SRF.TOTL.K2","","118480","118480","118480","118480","118480","118480","118480","118480","118480","118480","118480","118480","118480","118480","118480","118480","118480","118480","118480","118480","118480","118480","118480","118480","118480","118480","118480","118480","118480","118480","118480","118480","118480","118480","118480","118480","118480","118480","118480","118480","118480","118480","118480","118480","118480","118480","118480","118480","118480","118480","118480","118480","118480","118480","118480","118480","118480","118480","118480","118480","118480","118480","118480","","",
"Malaysia","MYS","Surface area (sq. km)","AG.SRF.TOTL.K2","","330800","330800","330800","330800","330800","330800","330800","330800","330800","330800","330800","330800","330800","330800","330800","330800","330800","330800","330800","330800","330800","330800","330800","330800","330800","330800","330800","330800","330800","330800","330800","330800","330800","330800","330800","330800","330800","330800","330800","330800","330800","330800","330800","330800","330800","330800","330800","330800","330800","330800","330800","330800","330396","330396","330345","330713","330621","330524","330241","330241","330411","330411","330411","","",
"North America","NAC","Surface area (sq. km)","AG.SRF.TOTL.K2","","25269644","25269644","25269644","25269644","25269644","25269644","25269644","25269644","25269644","25269644","25269644","25269644","25269644","25269644","25269644","25269644","25269644","25269644","25269644","25269644","25269644","25269644","25269644","25269644","25269644","25269644","25269644","25269644","25269644","25269644","25269644","25269644","25269644","25269644","25269644","25269644","25269644","25269644","25269644","25272584","25272584","25272584","25272584","25272584","25272584","25272584","25272584","25472064","25472064","25472064","25472064","25472064","25476300","25476300","25476300","25476300","25476300","25476300","25476300","25476300","25470210","25470210","25470210","","",
"Namibia","NAM","Surface area (sq. km)","AG.SRF.TOTL.K2","","824290","824290","824290","824290","824290","824290","824290","824290","824290","824290","824290","824290","824290","824290","824290","824290","824290","824290","824290","824290","824290","824290","824290","824290","824290","824290","824290","824290","824290","824290","824290","824290","824290","824290","824290","824290","824290","824290","824290","824290","824290","824290","824290","824290","824290","824290","824290","824290","824290","824290","824290","824290","824290","824290","824290","824290","824290","824290","824290","824290","824290","824290","824290","","",
"New Caledonia","NCL","Surface area (sq. km)","AG.SRF.TOTL.K2","","18580","18580","18580","18580","18580","18580","18580","18580","18580","18580","18580","18580","18580","18580","18580","18580","18580","18580","18580","18580","18580","18580","18580","18580","18580","18580","18580","18580","18580","18580","18580","18580","18580","18580","18580","18580","18580","18580","18580","18580","18580","18580","18580","18580","18580","18580","18580","18580","18580","18580","18580","18580","18580","18580","18580","18580","18580","18580","18580","18580","18580","18580","18580","","",
"Niger","NER","Surface area (sq. km)","AG.SRF.TOTL.K2","","1267000","1267000","1267000","1267000","1267000","1267000","1267000","1267000","1267000","1267000","1267000","1267000","1267000","1267000","1267000","1267000","1267000","1267000","1267000","1267000","1267000","1267000","1267000","1267000","1267000","1267000","1267000","1267000","1267000","1267000","1267000","1267000","1267000","1267000","1267000","1267000","1267000","1267000","1267000","1267000","1267000","1267000","1267000","1267000","1267000","1267000","1267000","1267000","1267000","1267000","1267000","1267000","1267000","1267000","1267000","1267000","1267000","1267000","1267000","1267000","1267000","1267000","1267000","","",
"Nigeria","NGA","Surface area (sq. km)","AG.SRF.TOTL.K2","","923770","923770","923770","923770","923770","923770","923770","923770","923770","923770","923770","923770","923770","923770","923770","923770","923770","923770","923770","923770","923770","923770","923770","923770","923770","923770","923770","923770","923770","923770","923770","923770","923770","923770","923770","923770","923770","923770","923770","923770","923770","923770","923770","923770","923770","923770","923770","923770","923770","923770","923770","923770","923770","923770","923770","923770","923770","923770","923770","923770","923770","923770","923770","","",
"Nicaragua","NIC","Surface area (sq. km)","AG.SRF.TOTL.K2","","130370","130370","130370","130370","130370","130370","130370","130370","130370","130370","130370","130370","130370","130370","130370","130370","130370","130370","130370","130370","130370","130370","130370","130370","130370","130370","130370","130370","130370","130370","130370","130370","130370","130370","130370","130370","130370","130370","130370","130370","130370","130370","130370","130370","130370","130370","130370","130370","130370","130370","130370","130370","130370","130370","130370","130370","130370","130370","130370","130370","130370","130370","130370","","",
"Netherlands","NLD","Surface area (sq. km)","AG.SRF.TOTL.K2","","41530","41530","41530","41530","41530","41530","41530","41530","41530","41530","41530","41530","41530","41530","41530","41530","41530","41530","41530","41530","41530","41530","41530","41530","41530","41530","41530","41530","41530","41530","41530","41530","41530","41530","41530","41530","41530","41530","41530","41530","41530","41530","41530","41530","41540","41540","41540","41540","41540","41540","41540","41540","41540","41540","41540","41540","41540","41540","41540","41540","41540","41540","41540","","",
"Norway","NOR","Surface area (sq. km)","AG.SRF.TOTL.K2","","385178","385178","385178","385178","385178","385178","385178","385178","385178","385178","385178","385178","385178","385178","385178","385178","385178","385178","385178","385178","385178","385178","385178","385178","385178","385178","385178","385178","385178","385178","385178","385178","385178","385178","385178","385178","385178","385178","385178","385178","385178","385178","385178","385178","385178","385178","385178","385178","385178","385178","385178","385178","625217.11","625222","625184.78","625194","625217","625222","625218","624499","624500","624500","624500","","",
"Nepal","NPL","Surface area (sq. km)","AG.SRF.TOTL.K2","","147180","147180","147180","147180","147180","147180","147180","147180","147180","147180","147180","147180","147180","147180","147180","147180","147180","147180","147180","147180","147180","147180","147180","147180","147180","147180","147180","147180","147180","147180","147180","147180","147180","147180","147180","147180","147180","147180","147180","147180","147180","147180","147180","147180","147180","147180","147180","147180","147180","147180","147180","147180","147180","147180","147180","147180","147180","147180","147180","147180","147180","147180","147180","","",
"Naoero","NRU","Surface area (sq. km)","AG.SRF.TOTL.K2","","20","20","20","20","20","20","20","20","20","20","20","20","20","20","20","20","20","20","20","20","20","20","20","20","20","20","20","20","20","20","20","20","20","20","20","20","20","20","20","20","20","20","20","20","20","20","20","20","20","20","20","20","20","20","20","20","20","20","20","20","20","20","20","","",
"New Zealand","NZL","Surface area (sq. km)","AG.SRF.TOTL.K2","","267710","267710","267710","267710","267710","267710","267710","267710","267710","267710","267710","267710","267710","267710","267710","267710","267710","267710","267710","267710","267710","267710","267710","267710","267710","267710","267710","267710","267710","267710","267710","267710","267710","267710","267710","267710","267710","267710","267710","267710","267710","267710","267710","267710","267710","267710","267710","267710","267710","267710","267710","267710","267710","267710","267710","267710","267710","267710","267710","267710","267710","267710","267710","","",
"OECD members","OED","Surface area (sq. km)","AG.SRF.TOTL.K2","","42973183.11","42973183.11","42973183.11","42973183.11","42973183.11","42973183.11","42973183.11","42973183.11","42973183.11","42973183.11","42973183.11","42973183.11","42973183.11","42973183.11","42973183.11","42973183.11","42973183.11","42973183.11","42973183.81","42973183.81","42973183.81","42973183.81","42973183.81","42973183.81","42973183.81","42973183.81","42973183.81","42973183.81","42973183.81","42973183.81","42973183.81","42973183.81","42973203.81","42973213.81","42973233.81","42973243.81","42973243.81","42973243.81","42973243.81","42975921.81","42976301.81","42976671.81","42977041.81","42976781.81","42976831.81","42977161.81","42977191.81","43176806.81","43177018.81","43177388.81","43177402.81","43177895.81","43499781.53","43499815.82","43499844.37","43500685.59","43500534.82","43500765.879","43501747.416","43553541.731","43547477.464","43546009.951","43545173.26","","",
"Oman","OMN","Surface area (sq. km)","AG.SRF.TOTL.K2","","309500","309500","309500","309500","309500","309500","309500","309500","309500","309500","309500","309500","309500","309500","309500","309500","309500","309500","309500","309500","309500","309500","309500","309500","309500","309500","309500","309500","309500","309500","309500","309500","309500","309500","309500","309500","309500","309500","309500","309500","309500","309500","309500","309500","309500","309500","309500","309500","309500","309500","309500","309500","309500","309500","309500","309500","309500","309500","309500","309500","309500","309500","309500","","",
"Other small states","OSS","Surface area (sq. km)","AG.SRF.TOTL.K2","","289521","289521","289521","289521","289521","289521","289521","289521","289521","289521","289521","289521","289521","289521","289521","289521","289521","289521","289521","289521","289521","289521","289521","289521","289521","289521","289521","289521","289521","289521","289521","289521","289521","282598","282598","282598","282598","282598","282598","282598","282598","282598","282598","280915","280915","280915","280915","280915","280915","280915","280882","280882","280992","280993","280993","280993","280993","280988","280988","280988","280988","280991","281069","","",
"Pakistan","PAK","Surface area (sq. km)","AG.SRF.TOTL.K2","","796100","796100","796100","796100","796100","796100","796100","796100","796100","796100","796100","796100","796100","796100","796100","796100","796100","796100","796100","796100","796100","796100","796100","796100","796100","796100","796100","796100","796100","796100","796100","796100","796100","796100","796100","796100","796100","796100","796100","796100","796100","796100","796100","796100","796100","796100","796100","796100","796100","796100","796100","796100","796100","796100","796100","796100","796100","796100","796100","796100","796100","796100","796100","","",
"Panama","PAN","Surface area (sq. km)","AG.SRF.TOTL.K2","","75420","75420","75420","75420","75420","75420","75420","75420","75420","75420","75420","75420","75420","75420","75420","75420","75420","75420","75420","75420","75420","75420","75420","75420","75420","75420","75420","75420","75420","75420","75420","75420","75420","75420","75420","75420","75420","75420","75420","75420","75420","75420","75420","75420","75420","75420","75420","75420","75420","75420","75420","75420","75420","75320","75320","75320","75320","75320","75320","75320","75320","75320","75320","","",
"Peru","PER","Surface area (sq. km)","AG.SRF.TOTL.K2","","1285220","1285220","1285220","1285220","1285220","1285220","1285220","1285220","1285220","1285220","1285220","1285220","1285220","1285220","1285220","1285220","1285220","1285220","1285220","1285220","1285220","1285220","1285220","1285220","1285220","1285220","1285220","1285220","1285220","1285220","1285220","1285220","1285220","1285220","1285220","1285220","1285220","1285220","1285220","1285220","1285220","1285220","1285220","1285220","1285220","1285220","1285220","1285220","1285220","1285220","1285220","1285220","1285220","1285220","1285220","1285220","1285220","1285220","1285220","1285220","1285220","1285220","1285215.6","","",
"Philippines","PHL","Surface area (sq. km)","AG.SRF.TOTL.K2","","300000","300000","300000","300000","300000","300000","300000","300000","300000","300000","300000","300000","300000","300000","300000","300000","300000","300000","300000","300000","300000","300000","300000","300000","300000","300000","300000","300000","300000","300000","300000","300000","300000","300000","300000","300000","300000","300000","300000","300000","300000","300000","300000","300000","300000","300000","300000","300000","300000","300000","300000","300000","300000","300000","300000","300000","300000","300000","300000","300000","300000","300000","300000","","",
"Palau","PLW","Surface area (sq. km)","AG.SRF.TOTL.K2","","460","460","460","460","460","460","460","460","460","460","460","460","460","460","460","460","460","460","460","460","460","460","460","460","460","460","460","460","460","460","460","460","460","460","460","460","460","460","460","460","460","460","460","460","460","460","460","460","460","460","460","460","460","460","460","460","460","460","460","460","460","460","460","","",
"Papua New Guinea","PNG","Surface area (sq. km)","AG.SRF.TOTL.K2","","462840","462840","462840","462840","462840","462840","462840","462840","462840","462840","462840","462840","462840","462840","462840","462840","462840","462840","462840","462840","462840","462840","462840","462840","462840","462840","462840","462840","462840","462840","462840","462840","462840","462840","462840","462840","462840","462840","462840","462840","462840","462840","462840","462840","462840","462840","462840","462840","462840","462840","462840","462840","462840","462840","462840","462840","462840","462840","462840","462840","462840","462840","462840","","",
"Poland","POL","Surface area (sq. km)","AG.SRF.TOTL.K2","","312690","312690","312690","312690","312690","312690","312690","312690","312690","312690","312690","312690","312690","312690","312690","312690","312690","312690","312690","312690","312690","312690","312690","312690","312690","312690","312690","312690","312690","312690","312690","312690","312690","312690","312690","312690","312690","312690","312690","312690","312690","312690","312690","312690","312690","312680","312680","312680","312680","312680","312680","312680","312680","312680","312680","312680","312680","312690","312690","312710","312710","312720","313930","","",
"Pre-demographic dividend","PRE","Surface area (sq. km)","AG.SRF.TOTL.K2","","20553531","20553531","20553531","20553531","20553531","20553531","20553531","20553531","20553531","20553531","20553531","20553531","20553531","20553531","20553531","20553531","20553531","20553531","20553531","20553531","20553531","20553531","20553531","20553531","20553531","20553531","20553531","20553531","20553531","20553531","20553531","20553531","20671131","20671131","20671131","20671131","20671131","20671131","20671131","20671131","20671131","20671131","20671131","20675221.86","20675221.003","20675190.95","20675157.677","20675175.279","20672107.3","20672102.578","20672381.619","20691447.75","20691226.908","20691213.815","20691266.405","20691255.244","20691249.018","20691255.887","20691237.106","20702798.327","20702933.8","20702933.8","20702943.8","","",
"Puerto Rico (US)","PRI","Surface area (sq. km)","AG.SRF.TOTL.K2","","8870","8870","8870","8870","8870","8870","8870","8870","8870","8870","8870","8870","8870","8870","8870","8870","8870","8870","8870","8870","8870","8870","8870","8870","8870","8870","8870","8870","8870","8870","8870","8870","8870","8870","8870","8870","8870","8870","8870","8870","8870","8870","8870","8870","8870","8870","8870","8870","8870","8870","8870","8870","8870","8870","8870","8870","8870","8870","8870","8870","8870","8870","8870","","",
"Korea, Dem. People's Rep.","PRK","Surface area (sq. km)","AG.SRF.TOTL.K2","","120540","120540","120540","120540","120540","120540","120540","120540","120540","120540","120540","120540","120540","120540","120540","120540","120540","120540","120540","120540","120540","120540","120540","120540","120540","120540","120540","120540","120540","120540","120540","120540","120540","120540","120540","120540","120540","120540","120540","120540","120540","120540","120540","120540","120540","120540","120540","120540","120540","120540","120540","120540","120540","120540","120540","120540","120540","120540","120540","120540","120540","120540","120540","","",
"Portugal","PRT","Surface area (sq. km)","AG.SRF.TOTL.K2","","92120","92120","92120","92120","92120","92120","92120","92120","92120","92120","92120","92120","92120","92120","92120","92120","92120","92120","92120","92120","92120","92120","92120","92120","92120","92120","92120","92120","92120","92120","92120","92120","92120","92120","92120","92120","92120","92120","92120","92120","92120","92120","92120","92120","92090","92090","92090","92090","92210","92210","92210","92210","92225.2","92225.6","92225.6","92225.6","92225.6","92225.6","92230","92230","92230","92230","92230","","",
"Paraguay","PRY","Surface area (sq. km)","AG.SRF.TOTL.K2","","406750","406750","406750","406750","406750","406750","406750","406750","406750","406750","406750","406750","406750","406750","406750","406750","406750","406750","406750","406750","406750","406750","406750","406750","406750","406750","406750","406750","406750","406750","406750","406750","406750","406750","406750","406750","406750","406750","406750","406750","406750","406750","406750","406750","406750","406750","406750","406750","406750","406752","406752","406752","406752","406752","406752","406752","406752","406752","406752","406752","406752","406752","406752","","",
"West Bank and Gaza","PSE","Surface area (sq. km)","AG.SRF.TOTL.K2","","6020","6020","6020","6020","6020","6020","6020","6020","6020","6020","6020","6020","6020","6020","6020","6020","6020","6020","6020","6020","6020","6020","6020","6020","6020","6020","6020","6020","6020","6020","6020","6020","6020","6020","6020","6020","6020","6020","6020","6020","6020","6020","6020","6020","6020","6020","6020","6020","6020","6020","6020","6020","6020","6020","6020","6020","6020","6020","6020","6020","6025","6025","6025","","",
"Pacific island small states","PSS","Surface area (sq. km)","AG.SRF.TOTL.K2","","65150","65150","65150","65150","65150","65150","65150","65150","65150","65150","65150","65150","65150","65150","65150","65150","65150","65150","65150","65150","65150","65150","65150","65150","65150","65150","65150","65150","65150","65150","65150","65150","65150","65150","65150","65150","65150","65150","65150","65150","65150","65150","65150","65150","65150","65150","65150","65150","65150","65150","65150","65150","65150","65150","65150","65150","65150","65150","65150","65150","65150","65150","65150","","",
"Post-demographic dividend","PST","Surface area (sq. km)","AG.SRF.TOTL.K2","","38750363.11","38750363.11","38750363.11","38750363.11","38750363.11","38750363.11","38750363.11","38750363.11","38750363.11","38750363.11","38750363.11","38750363.11","38750363.11","38750363.11","38750363.11","38750363.11","38750363.11","38750363.11","38750363.81","38750363.81","38750363.81","38750363.81","38750363.81","38750363.81","38750363.81","38750363.81","38750363.81","38750363.81","38750363.81","38750363.81","38750363.81","38750363.81","38750373.81","38750383.81","38750413.81","38750503.81","38750503.81","38750433.81","38750433.81","38753121.81","38753507.81","38753883.81","38754319.81","38754068.81","38754118.81","38754464.41","38754496.01","38954111.01","38954318.31","38954683.51","38954700.71","38955197.71","39308456.83","39308509.12","39308538.77","39308780.09","39308632.62","39308851.779","39309290.436","39365941.501","39359897.334","39359924.721","39359822.138","","",
"French Polynesia","PYF","Surface area (sq. km)","AG.SRF.TOTL.K2","","4000","4000","4000","4000","4000","4000","4000","4000","4000","4000","4000","4000","4000","4000","4000","4000","4000","4000","4000","4000","4000","4000","4000","4000","4000","4000","4000","4000","4000","4000","4000","4000","4000","4000","4000","4000","4000","4000","4000","3471","3471","3471","3471","3471","3471","3471","3471","3471","3471","3471","3471","3471","3471","3471","3471","3471","3471","3471","3471","3471","3471","3471","3471","","",
"Qatar","QAT","Surface area (sq. km)","AG.SRF.TOTL.K2","","11610","11610","11610","11610","11610","11610","11610","11610","11610","11610","11610","11610","11610","11610","11610","11610","11610","11610","11610","11610","11610","11610","11610","11610","11610","11610","11610","11610","11610","11610","11610","11610","11610","11610","11610","11610","11610","11610","11610","11610","11610","11610","11610","11610","11610","11610","11610","11610","11610","11610","11610","11610","11610","11490","11490","11490","11490","11490","11490","11490","11490","11490","11490","","",
"Romania","ROU","Surface area (sq. km)","AG.SRF.TOTL.K2","","238390","238390","238390","238390","238390","238390","238390","238390","238390","238390","238390","238390","238390","238390","238390","238390","238390","238390","238390","238390","238390","238390","238390","238390","238390","238390","238390","238390","238390","238390","238390","238390","238390","238390","238390","238390","238390","238390","238390","238390","238390","238390","238390","238390","238390","238390","238390","238390","238390","238390","238390","238390","238400","238400","238400","238400","238400","238400","238400","238400","238400","238400","238400","","",
"Russian Federation","RUS","Surface area (sq. km)","AG.SRF.TOTL.K2","","17098240","17098240","17098240","17098240","17098240","17098240","17098240","17098240","17098240","17098240","17098240","17098240","17098240","17098240","17098240","17098240","17098240","17098240","17098240","17098240","17098240","17098240","17098240","17098240","17098240","17098240","17098240","17098240","17098240","17098240","17098240","17098240","17098240","17098240","17098240","17098240","17098240","17098240","17098240","17098240","17098240","17098240","17098240","17098240","17098240","17098240","17098240","17098240","17098240","17098250","17098250","17098250","17098250","17098250","17098250","17098250","17098250","17098250","17098250","17125190","17125190","17125190","17125190","","",
"Rwanda","RWA","Surface area (sq. km)","AG.SRF.TOTL.K2","","26340","26340","26340","26340","26340","26340","26340","26340","26340","26340","26340","26340","26340","26340","26340","26340","26340","26340","26340","26340","26340","26340","26340","26340","26340","26340","26340","26340","26340","26340","26340","26340","26340","26340","26340","26340","26340","26340","26340","26340","26340","26340","26340","26340","26340","26340","26340","26340","26340","26340","26340","26340","26340","26340","26340","26340","26340","26340","26340","26340","26340","26340","26338","","",
"South Asia","SAS","Surface area (sq. km)","AG.SRF.TOTL.K2","","3695810","3695810","3695810","3695810","3695810","3695810","3695810","3695810","3695810","3695810","3695810","3695810","3695810","3695810","3695810","3695810","3695810","3695810","3695810","3695810","3695810","3695810","3695810","3695810","3695810","3695810","3695810","3695810","3695810","3695810","3695810","3695810","3695810","3688887","3688887","3688887","3688887","3688887","3688887","3688887","3688887","3688887","3688887","3687204","3687204","3687204","3687204","3687204","3687204","3687204","3687204","3687204","3687204","3686374","3686374","3686374","3686721","3686310","3686310","3686310","3686310","3686310","3686310","","",
"Saudi Arabia","SAU","Surface area (sq. km)","AG.SRF.TOTL.K2","","2149690","2149690","2149690","2149690","2149690","2149690","2149690","2149690","2149690","2149690","2149690","2149690","2149690","2149690","2149690","2149690","2149690","2149690","2149690","2149690","2149690","2149690","2149690","2149690","2149690","2149690","2149690","2149690","2149690","2149690","2149690","2149690","2149690","2149690","2149690","2149690","2149690","2149690","2149690","2149690","2149690","2149690","2149690","2149690","2149690","2149690","2149690","2149690","2149690","2149690","2149690","2149690","2149690","2149690","2149690","2149690","2149690","2149690","2149690","2149690","2149690","2149690","2149690","","",
"Sudan","SDN","Surface area (sq. km)","AG.SRF.TOTL.K2","","2505810","2505810","2505810","2505810","2505810","2505810","2505810","2505810","2505810","2505810","2505810","2505810","2505810","2505810","2505810","2505810","2505810","2505810","2505810","2505810","2505810","2505810","2505810","2505810","2505810","2505810","2505810","2505810","2505810","2505810","2505810","2505810","2505810","2505810","2505810","2505810","2505810","2505810","2505810","2505810","2505810","2505810","2505810","2505810","2505810","2505810","2505810","2505810","2505810","2505810","2505810","1878000","1878000","1878000","1878000","1878000","1878000","1878000","1878000","1878000","1878000","1878000","1878000","","",
"Senegal","SEN","Surface area (sq. km)","AG.SRF.TOTL.K2","","196710","196710","196710","196710","196710","196710","196710","196710","196710","196710","196710","196710","196710","196710","196710","196710","196710","196710","196710","196710","196710","196710","196710","196710","196710","196710","196710","196710","196710","196710","196710","196710","196710","196710","196710","196710","196710","196710","196710","196710","196710","196710","196710","196710","196710","196710","196710","196710","196710","196710","196710","196710","196710","196710","196710","196710","196710","196710","196710","196710","196710","196710","196710","","",
"Singapore","SGP","Surface area (sq. km)","AG.SRF.TOTL.K2","","680","680","680","680","680","680","680","680","680","680","680","680","680","680","680","680","680","680","680","680","680","680","680","680","680","680","680","680","680","680","680","680","680","680","680","680","680","680","680","680","680","685","697","699","699","704","705","710","710","712","714","716","717","719","719","719","722","724","726","728","728","728","728","","",
"Solomon Islands","SLB","Surface area (sq. km)","AG.SRF.TOTL.K2","","28900","28900","28900","28900","28900","28900","28900","28900","28900","28900","28900","28900","28900","28900","28900","28900","28900","28900","28900","28900","28900","28900","28900","28900","28900","28900","28900","28900","28900","28900","28900","28900","28900","28900","28900","28900","28900","28900","28900","28900","28900","28900","28900","28900","28900","28900","28900","28900","28900","28900","28900","28900","28900","28900","28900","28900","28900","28900","28900","28900","28900","28900","28900","","",
"Sierra Leone","SLE","Surface area (sq. km)","AG.SRF.TOTL.K2","","72300","72300","72300","72300","72300","72300","72300","72300","72300","72300","72300","72300","72300","72300","72300","72300","72300","72300","72300","72300","72300","72300","72300","72300","72300","72300","72300","72300","72300","72300","72300","72300","72300","72300","72300","72300","72300","72300","72300","72300","72300","72300","72300","72300","72300","72300","72300","72300","72300","72300","72300","72300","72300","72300","72300","72300","72300","72300","72300","72300","72300","72300","72300","","",
"El Salvador","SLV","Surface area (sq. km)","AG.SRF.TOTL.K2","","21040","21040","21040","21040","21040","21040","21040","21040","21040","21040","21040","21040","21040","21040","21040","21040","21040","21040","21040","21040","21040","21040","21040","21040","21040","21040","21040","21040","21040","21040","21040","21040","21040","21040","21040","21040","21040","21040","21040","21040","21040","21040","21040","21040","21040","21040","21040","21040","21040","21040","21040","21040","21040","21040","21040","21040","21040","21040","21040","21040","21040","21040","21040","","",
"San Marino","SMR","Surface area (sq. km)","AG.SRF.TOTL.K2","","60","60","60","60","60","60","60","60","60","60","60","60","60","60","60","60","60","60","60","60","60","60","60","60","60","60","60","60","60","60","60","60","60","60","60","60","60","60","60","60","60","60","60","60","60","60","60","60","60","60","60","60","60","60","60","60","60","60","60","60","60","60","60","","",
"Somalia, Fed. Rep.","SOM","Surface area (sq. km)","AG.SRF.TOTL.K2","","637660","637660","637660","637660","637660","637660","637660","637660","637660","637660","637660","637660","637660","637660","637660","637660","637660","637660","637660","637660","637660","637660","637660","637660","637660","637660","637660","637660","637660","637660","637660","637660","637660","637660","637660","637660","637660","637660","637660","637660","637660","637660","637660","637660","637660","637660","637660","637660","637660","637660","637660","637660","637660","637660","637660","637660","637660","637660","637660","637660","637660","637660","637660","","",
"Serbia","SRB","Surface area (sq. km)","AG.SRF.TOTL.K2","","88360","88360","88360","88360","88360","88360","88360","88360","88360","88360","88360","88360","88360","88360","88360","88360","88360","88360","88360","88360","88360","88360","88360","88360","88360","88360","88360","88360","88360","88360","88360","88360","88360","88360","88360","88360","88360","88360","88360","88360","88360","88360","88360","88360","88360","88360","88360","88360","88360","88360","88360","88360","88360","88360","88360","88360","88360","88360","88360","84990","84990","84990","84990","","",
"Sub-Saharan Africa (excluding high income)","SSA","Surface area (sq. km)","AG.SRF.TOTL.K2","","24272551","24272551","24272551","24272551","24272551","24272551","24272551","24272551","24272551","24272551","24272551","24272551","24272551","24272551","24272551","24272551","24272551","24272551","24272551","24272551","24272551","24272551","24272551","24272551","24272551","24272551","24272551","24272551","24272551","24272551","24272551","24272551","24272551","24272551","24272551","24272551","24272551","24272551","24272551","24272551","24272551","24272551","24272551","24308585.16","24308584.203","24308553.95","24308521.777","24308538.479","24308550.8","24308545.478","24308791.019","24327857.65","24327825.508","24327812.015","24327865.605","24327852.944","24327847.218","24327853.387","24327830.206","24339388.027","24339523.5","24339526.5","24339530.5","","",
"South Sudan","SSD","Surface area (sq. km)","AG.SRF.TOTL.K2","","","","","","","","","","","","","","","","","","","","","","","","","","","","","","","","","","","","","","","","","","","","","","","","","","","","","646883","646883","646883","646883","646883","646883","646883","646883","646883","646883","646883","646883","","",
"Sub-Saharan Africa","SSF","Surface area (sq. km)","AG.SRF.TOTL.K2","","24273011","24273011","24273011","24273011","24273011","24273011","24273011","24273011","24273011","24273011","24273011","24273011","24273011","24273011","24273011","24273011","24273011","24273011","24273011","24273011","24273011","24273011","24273011","24273011","24273011","24273011","24273011","24273011","24273011","24273011","24273011","24273011","24273011","24273011","24273011","24273011","24273011","24273011","24273011","24273011","24273011","24273011","24273011","24309045.16","24309044.203","24309013.95","24308981.777","24308998.479","24309010.8","24309005.478","24309251.019","24328317.65","24328285.508","24328272.015","24328325.605","24328312.944","24328307.218","24328313.387","24328290.206","24339848.027","24339983.5","24339986.5","24339990.5","","",
"Small states","SST","Surface area (sq. km)","AG.SRF.TOTL.K2","","778761","778761","778761","778761","778761","778761","778761","778761","778761","778761","778761","778761","778761","778761","778761","778761","778761","778761","778761","778671","778671","778671","778671","778671","778671","778671","778671","778671","778671","778671","778671","778671","778671","771748","771748","771748","771748","771748","771748","771748","771748","771748","771748","770065","770065","770065","770065","770065","770065","770065","770032","770032","770142","770143","770143","770143","770143","770138","770138","770138","770138","770141","770215","","",
"Sao Tome and Principe","STP","Surface area (sq. km)","AG.SRF.TOTL.K2","","960","960","960","960","960","960","960","960","960","960","960","960","960","960","960","960","960","960","960","960","960","960","960","960","960","960","960","960","960","960","960","960","960","960","960","960","960","960","960","960","960","960","960","960","960","960","960","960","960","960","960","960","960","960","960","960","960","960","960","960","960","960","960","","",
"Suriname","SUR","Surface area (sq. km)","AG.SRF.TOTL.K2","","163820","163820","163820","163820","163820","163820","163820","163820","163820","163820","163820","163820","163820","163820","163820","163820","163820","163820","163820","163820","163820","163820","163820","163820","163820","163820","163820","163820","163820","163820","163820","163820","163820","163820","163820","163820","163820","163820","163820","163820","163820","163820","163820","163820","163820","163820","163820","163820","163820","163820","163820","163820","163820","163820","163820","163820","163820","163820","163820","163820","163820","163820","163820","","",
"Slovak Republic","SVK","Surface area (sq. km)","AG.SRF.TOTL.K2","","49030","49030","49030","49030","49030","49030","49030","49030","49030","49030","49030","49030","49030","49030","49030","49030","49030","49030","49030","49030","49030","49030","49030","49030","49030","49030","49030","49030","49030","49030","49030","49030","49030","49030","49030","49030","49030","49030","49030","49030","49030","49030","49030","49030","49030","49030","49030","49035","49040","49037","49036","49036","49036","49030","49030","49030","49030","49030","49030","49030","49030","49030","49030","","",
"Slovenia","SVN","Surface area (sq. km)","AG.SRF.TOTL.K2","","20270","20270","20270","20270","20270","20270","20270","20270","20270","20270","20270","20270","20270","20270","20270","20270","20270","20270","20270","20270","20270","20270","20270","20270","20270","20270","20270","20270","20270","20270","20270","20270","20270","20270","20270","20270","20270","20270","20270","20270","20270","20270","20270","20270","20270","20270","20270","20270","20270","20270","20270","20270","20675","20675","20675","20675","20480","20480","20480","20480","20480","20480","20480","","",
"Sweden","SWE","Surface area (sq. km)","AG.SRF.TOTL.K2","","447420.11","447420.11","447420.11","447420.11","447420.11","447420.11","447420.11","447420.11","447420.11","447420.11","447420.11","447420.11","447420.11","447420.11","447420.11","447420.11","447420.11","447420.11","447420.11","447420.11","447420.11","447420.11","447420.11","447420.11","447420.11","447420.11","447420.11","447420.11","447420.11","447420.11","447420.11","447420.11","447420.11","447420.11","447420.11","447420.11","447420.11","447420.11","447420.11","447420.11","447420.11","447420.11","447420.11","447420.11","447420.11","447420.11","447420.11","447420.11","447420.11","447420.11","447420.11","447420.11","528447.52","528447.52","528449.29","528449.29","528449.29","528449.29","528860","528860","528860","528860","528660","","",
"Eswatini","SWZ","Surface area (sq. km)","AG.SRF.TOTL.K2","","17360","17360","17360","17360","17360","17360","17360","17360","17360","17360","17360","17360","17360","17360","17360","17360","17360","17360","17360","17360","17360","17360","17360","17360","17360","17360","17360","17360","17360","17360","17360","17360","17360","17360","17360","17360","17360","17360","17360","17360","17360","17360","17360","17360","17360","17360","17360","17360","17360","17360","17360","17360","17360","17360","17360","17360","17360","17360","17360","17360","17360","17360","17360","","",
"Sint Maarten (Dutch part)","SXM","Surface area (sq. km)","AG.SRF.TOTL.K2","","34","34","34","34","34","34","34","34","34","34","34","34","34","34","34","34","34","34","34","34","34","34","34","34","34","34","34","34","34","34","34","34","34","34","34","34","34","34","34","34","34","34","34","34","34","34","34","34","34","34","34","34","34","34","34","34","34","34","34","34","34","34","34","","",
"Seychelles","SYC","Surface area (sq. km)","AG.SRF.TOTL.K2","","460","460","460","460","460","460","460","460","460","460","460","460","460","460","460","460","460","460","460","460","460","460","460","460","460","460","460","460","460","460","460","460","460","460","460","460","460","460","460","460","460","460","460","460","460","460","460","460","460","460","460","460","460","460","460","460","460","460","460","460","460","460","460","","",
"Syrian Arab Republic","SYR","Surface area (sq. km)","AG.SRF.TOTL.K2","","185180","185180","185180","185180","185180","185180","185180","185180","185180","185180","185180","185180","185180","185180","185180","185180","185180","185180","185180","185180","185180","185180","185180","185180","185180","185180","185180","185180","185180","185180","185180","185180","185180","185180","185180","185180","185180","185180","185180","185180","185180","185180","185180","185180","185180","185180","185180","185180","185180","185180","185180","185180","185180","185180","185180","185180","185180","185180","185180","185180","185180","185180","185180","","",
"Turks and Caicos Islands","TCA","Surface area (sq. km)","AG.SRF.TOTL.K2","","950","950","950","950","950","950","950","950","950","950","950","950","950","950","950","950","950","950","950","950","950","950","950","950","950","950","950","950","950","950","950","950","950","950","950","950","950","950","950","950","950","950","950","950","950","950","950","950","950","950","950","950","950","950","950","950","950","950","950","950","950","950","950","","",
"Chad","TCD","Surface area (sq. km)","AG.SRF.TOTL.K2","","1284000","1284000","1284000","1284000","1284000","1284000","1284000","1284000","1284000","1284000","1284000","1284000","1284000","1284000","1284000","1284000","1284000","1284000","1284000","1284000","1284000","1284000","1284000","1284000","1284000","1284000","1284000","1284000","1284000","1284000","1284000","1284000","1284000","1284000","1284000","1284000","1284000","1284000","1284000","1284000","1284000","1284000","1284000","1284000","1284000","1284000","1284000","1284000","1284000","1284000","1284000","1284000","1284000","1284000","1284000","1284000","1284000","1284000","1284000","1284000","1284000","1284000","1284000","","",
"East Asia & Pacific (IDA & IBRD countries)","TEA","Surface area (sq. km)","AG.SRF.TOTL.K2","","16150900","16150900","16150900","16150900","16150900","16150900","16150900","16150900","16150900","16150900","16150900","16150900","16150900","16150900","16150900","16150900","16148780","16148780","16150820","16150900","16150900","16150900","16150900","16150900","16150900","16150900","16149560","16149570","16149570","16150240","16150270","16150300","16150320","16150320","16150310","16150300","16150300","16150300","16150300","16148420","16148424.2","16148473.2","16148482.7","16148486.5","16150383.8","16150383.4","16150382.8","16150221.8","16150222","16150125","16150128","16150122","16149727","16149998","16152596","16152963","16156107","16156062.2","16155893.77","16155923.519","16156098.57","16156092.791","16156086.851","","",
"Europe & Central Asia (IDA & IBRD countries)","TEC","Surface area (sq. km)","AG.SRF.TOTL.K2","","23843902","23843902","23843902","23843902","23843902","23843902","23843902","23843902","23843902","23843902","23843902","23843902","23843902","23843902","23843902","23843902","23843902","23843902","23843902","23843902","23843902","23843902","23843902","23843902","23843902","23843902","23843902","23843902","23843902","23843902","23843902","23843902","23843972","23843972","23843982","23844052","23844042","23843972","23843972","23840675","23840675","23840675","23840729","23840745","23840745","23840735","23840735","23840735","23840734","23840744","23840744","23840744","23872237","23871063","23875888","23875889","23875889","23875899","23879007","23902603","23902622","23902634","23903913.758","","",
"Togo","TGO","Surface area (sq. km)","AG.SRF.TOTL.K2","","56790","56790","56790","56790","56790","56790","56790","56790","56790","56790","56790","56790","56790","56790","56790","56790","56790","56790","56790","56790","56790","56790","56790","56790","56790","56790","56790","56790","56790","56790","56790","56790","56790","56790","56790","56790","56790","56790","56790","56790","56790","56790","56790","56790","56790","56790","56790","56790","56790","56790","56790","56790","56790","56790","56790","56790","56790","56790","56790","56790","56790","56790","56790","","",
"Thailand","THA","Surface area (sq. km)","AG.SRF.TOTL.K2","","513120","513120","513120","513120","513120","513120","513120","513120","513120","513120","513120","513120","513120","513120","513120","513120","513120","513120","513120","513120","513120","513120","513120","513120","513120","513120","513120","513120","513120","513120","513120","513120","513120","513120","513120","513120","513120","513120","513120","513120","513120","513120","513120","513120","513120","513120","513120","513120","513120","513120","513120","513120","513120","513120","513120","513120","513120","513120","513120","513120","513120","513115.021","513115.021","","",
"Tajikistan","TJK","Surface area (sq. km)","AG.SRF.TOTL.K2","","142550","142550","142550","142550","142550","142550","142550","142550","142550","142550","142550","142550","142550","142550","142550","142550","142550","142550","142550","142550","142550","142550","142550","142550","142550","142550","142550","142550","142550","142550","142550","142550","142550","142550","142550","142550","142550","142550","142550","142550","142550","142550","142550","142550","142550","142550","142550","142550","142550","142550","142550","142550","142550","141376","141380","141380","141380","141380","141380","141380","141379","141379","141379","","",
"Turkmenistan","TKM","Surface area (sq. km)","AG.SRF.TOTL.K2","","488100","488100","488100","488100","488100","488100","488100","488100","488100","488100","488100","488100","488100","488100","488100","488100","488100","488100","488100","488100","488100","488100","488100","488100","488100","488100","488100","488100","488100","488100","488100","488100","488100","488100","488100","488100","488100","488100","488100","488100","488100","488100","488100","488100","488100","488100","488100","488100","488100","488100","488100","488100","488100","488100","488100","488100","488100","488100","491209","491209","491209","491209","491209","","",
"Latin America & the Caribbean (IDA & IBRD countries)","TLA","Surface area (sq. km)","AG.SRF.TOTL.K2","","20317706","20317706","20317706","20317706","20317706","20317706","20317706","20317706","20317706","20317706","20317706","20317706","20317706","20317706","20317706","20317706","20317706","20317706","20317706","20317616","20317616","20317616","20317616","20317616","20317616","20317616","20317616","20317616","20317616","20317616","20317616","20317616","20317616","20317616","20317616","20317616","20317616","20290426","20290426","20290426","20290426","20290426","20290426","20290426","20290426","20290426","20290426","20290426","20290426","20290428","20290428","20290426","20290427","20290322","20290322","20290926","20290926","20290932","20389646.343","20384782.593","20384782.593","20377927.693","20375970.94","","",
"Timor-Leste","TLS","Surface area (sq. km)","AG.SRF.TOTL.K2","","14870","14870","14870","14870","14870","14870","14870","14870","14870","14870","14870","14870","14870","14870","14870","14870","14870","14870","14870","14870","14870","14870","14870","14870","14870","14870","14870","14870","14870","14870","14870","14870","14870","14870","14870","14870","14870","14870","14870","14870","14870","14870","14870","14870","14870","14870","14870","14870","14870","14870","14870","14870","14870","14870","14870","14870","14870","14870","14870","14870","14870","14870","14870","","",
"Middle East, North Africa, Afghanistan & Pakistan (IDA & IBRD)","TMN","Surface area (sq. km)","AG.SRF.TOTL.K2","","10220900","10220900","10220900","10220900","10220900","10220900","10220900","10220900","10220900","10220900","10220900","10220900","10220900","10220900","10220900","10220900","10220900","10220900","10220900","10220900","10220900","10220900","10220900","10220900","10220900","10220900","10220900","10220900","10220900","10220900","10220900","10220900","10220900","10220900","10220900","10220900","10220900","10220900","10220900","10220900","10220900","10220900","10220900","10220900","10220900","10220900","10220900","10220900","10218360","10218360","10218360","10218360","10218172","10218172","10218173","10218173","10218173","10218173","10218168","10218168","10218168","10218168","10218178","","",
"Tonga","TON","Surface area (sq. km)","AG.SRF.TOTL.K2","","750","750","750","750","750","750","750","750","750","750","750","750","750","750","750","750","750","750","750","750","750","750","750","750","750","750","750","750","750","750","750","750","750","750","750","750","750","750","750","750","750","750","750","750","750","750","750","750","750","750","750","750","750","750","750","750","750","750","750","750","750","750","750","","",
"South Asia (IDA & IBRD)","TSA","Surface area (sq. km)","AG.SRF.TOTL.K2","","3695810","3695810","3695810","3695810","3695810","3695810","3695810","3695810","3695810","3695810","3695810","3695810","3695810","3695810","3695810","3695810","3695810","3695810","3695810","3695810","3695810","3695810","3695810","3695810","3695810","3695810","3695810","3695810","3695810","3695810","3695810","3695810","3695810","3688887","3688887","3688887","3688887","3688887","3688887","3688887","3688887","3688887","3688887","3687204","3687204","3687204","3687204","3687204","3687204","3687204","3687204","3687204","3687204","3686374","3686374","3686374","3686721","3686310","3686310","3686310","3686310","3686310","3686310","","",
"Sub-Saharan Africa (IDA & IBRD countries)","TSS","Surface area (sq. km)","AG.SRF.TOTL.K2","","24273011","24273011","24273011","24273011","24273011","24273011","24273011","24273011","24273011","24273011","24273011","24273011","24273011","24273011","24273011","24273011","24273011","24273011","24273011","24273011","24273011","24273011","24273011","24273011","24273011","24273011","24273011","24273011","24273011","24273011","24273011","24273011","24273011","24273011","24273011","24273011","24273011","24273011","24273011","24273011","24273011","24273011","24273011","24309045.16","24309044.203","24309013.95","24308981.777","24308998.479","24309010.8","24309005.478","24309251.019","24328317.65","24328285.508","24328272.015","24328325.605","24328312.944","24328307.218","24328313.387","24328290.206","24339848.027","24339983.5","24339986.5","24339990.5","","",
"Trinidad and Tobago","TTO","Surface area (sq. km)","AG.SRF.TOTL.K2","","5130","5130","5130","5130","5130","5130","5130","5130","5130","5130","5130","5130","5130","5130","5130","5130","5130","5130","5130","5130","5130","5130","5130","5130","5130","5130","5130","5130","5130","5130","5130","5130","5130","5130","5130","5130","5130","5130","5130","5130","5130","5130","5130","5130","5130","5130","5130","5130","5130","5130","5130","5130","5130","5130","5130","5130","5130","5130","5130","5130","5130","5130","5130","","",
"Tunisia","TUN","Surface area (sq. km)","AG.SRF.TOTL.K2","","163610","163610","163610","163610","163610","163610","163610","163610","163610","163610","163610","163610","163610","163610","163610","163610","163610","163610","163610","163610","163610","163610","163610","163610","163610","163610","163610","163610","163610","163610","163610","163610","163610","163610","163610","163610","163610","163610","163610","163610","163610","163610","163610","163610","163610","163610","163610","163610","163610","163610","163610","163610","163610","163610","163610","163610","163610","163610","163610","163610","163610","163610","163610","","",
"Turkiye","TUR","Surface area (sq. km)","AG.SRF.TOTL.K2","","785350","785350","785350","785350","785350","785350","785350","785350","785350","785350","785350","785350","785350","785350","785350","785350","785350","785350","785350","785350","785350","785350","785350","785350","785350","785350","785350","785350","785350","785350","785350","785350","785350","785350","785350","785350","785350","785350","785350","785350","785350","785350","785350","785350","785350","785350","785350","785350","785350","785350","785350","785350","785350","785350","785350","785350","785350","785350","785350","785350","785350","785350","785350","","",
"Tuvalu","TUV","Surface area (sq. km)","AG.SRF.TOTL.K2","","30","30","30","30","30","30","30","30","30","30","30","30","30","30","30","30","30","30","30","30","30","30","30","30","30","30","30","30","30","30","30","30","30","30","30","30","30","30","30","30","30","30","30","30","30","30","30","30","30","30","30","30","30","30","30","30","30","30","30","30","30","30","30","","",
"Tanzania","TZA","Surface area (sq. km)","AG.SRF.TOTL.K2","","947300","947300","947300","947300","947300","947300","947300","947300","947300","947300","947300","947300","947300","947300","947300","947300","947300","947300","947300","947300","947300","947300","947300","947300","947300","947300","947300","947300","947300","947300","947300","947300","947300","947300","947300","947300","947300","947300","947300","947300","947300","947300","947300","947300","947300","947300","947300","947300","947300","947300","947300","947300","947300","947300","947300","947300","947300","947300","947300","947300","947300","947300","947300","","",
"Uganda","UGA","Surface area (sq. km)","AG.SRF.TOTL.K2","","241550","241550","241550","241550","241550","241550","241550","241550","241550","241550","241550","241550","241550","241550","241550","241550","241550","241550","241550","241550","241550","241550","241550","241550","241550","241550","241550","241550","241550","241550","241550","241550","241550","241550","241550","241550","241550","241550","241550","241550","241550","241550","241550","241550","241550","241550","241550","241550","241550","241550","241550","241550","241550","241550","241550","241550","241550","241550","241550","241550","241550","241550","241550","","",
"Ukraine","UKR","Surface area (sq. km)","AG.SRF.TOTL.K2","","603560","603560","603560","603560","603560","603560","603560","603560","603560","603560","603560","603560","603560","603560","603560","603560","603560","603560","603560","603560","603560","603560","603560","603560","603560","603560","603560","603560","603560","603560","603560","603560","603550","603550","603550","603550","603550","603550","603550","603550","603550","603550","603550","603550","603550","603550","603550","603550","603550","603550","603550","603550","603550","603550","603550","603550","603550","603550","603550","603550","603550","603550","603550","","",
"Upper middle income","UMC","Surface area (sq. km)","AG.SRF.TOTL.K2","","45221782","45221782","45221782","45221782","45221782","45221782","45221782","45221782","45221782","45221782","45221782","45221782","45221782","45221782","45221782","45221782","45219662","45219662","45221702","45221782","45221782","45221782","45221782","45221782","45221782","45221782","45220442","45220452","45220452","45221122","45221152","45221182","45221272","45221272","45221272","45221262","45221252","45194062","45194062","45192182","45192186.2","45192235.2","45192244.7","45192258.5","45194155.8","45194155.4","45194154.8","45193993.8","45191454","45191349","45191319","45191311","45190729","45190995","45193594","45193961","45197105","45197066.2","45298171.233","45289975.232","45290170.283","45283314.604","45281428.911","","",
"Uruguay","URY","Surface area (sq. km)","AG.SRF.TOTL.K2","","176220","176220","176220","176220","176220","176220","176220","176220","176220","176220","176220","176220","176220","176220","176220","176220","176220","176220","176220","176220","176220","176220","176220","176220","176220","176220","176220","176220","176220","176220","176220","176220","176220","176220","176220","176220","176220","176220","176220","176220","176220","176220","176220","176220","176220","176220","176220","176220","176220","176220","176220","176220","176220","176220","176220","176220","176220","176220","176220","176220","176220","176220","176220","","",
"United States","USA","Surface area (sq. km)","AG.SRF.TOTL.K2","","9629090","9629090","9629090","9629090","9629090","9629090","9629090","9629090","9629090","9629090","9629090","9629090","9629090","9629090","9629090","9629090","9629090","9629090","9629090","9629090","9629090","9629090","9629090","9629090","9629090","9629090","9629090","9629090","9629090","9629090","9629090","9629090","9629090","9629090","9629090","9629090","9629090","9629090","9629090","9632030","9632030","9632030","9632030","9632030","9632030","9632030","9632030","9831510","9831510","9831510","9831510","9831510","9831510","9831510","9831510","9831510","9831510","9831510","9831510","9831510","9831510","9831510","9831510","","",
"Uzbekistan","UZB","Surface area (sq. km)","AG.SRF.TOTL.K2","","447400","447400","447400","447400","447400","447400","447400","447400","447400","447400","447400","447400","447400","447400","447400","447400","447400","447400","447400","447400","447400","447400","447400","447400","447400","447400","447400","447400","447400","447400","447400","447400","447400","447400","447400","447400","447400","447400","447400","444103","444103","444103","444103","444103","444103","444103","444103","444103","444103","444103","444103","444103","444103","444103","448924","448924","448924","448924","448924","448924","448924","448924","448920","","",
"St. Vincent and the Grenadines","VCT","Surface area (sq. km)","AG.SRF.TOTL.K2","","390","390","390","390","390","390","390","390","390","390","390","390","390","390","390","390","390","390","390","390","390","390","390","390","390","390","390","390","390","390","390","390","390","390","390","390","390","390","390","390","390","390","390","390","390","390","390","390","390","390","390","390","390","390","390","390","390","390","390","390","390","390","390","","",
"Venezuela, RB","VEN","Surface area (sq. km)","AG.SRF.TOTL.K2","","912050","912050","912050","912050","912050","912050","912050","912050","912050","912050","912050","912050","912050","912050","912050","912050","912050","912050","912050","912050","912050","912050","912050","912050","912050","912050","912050","912050","912050","912050","912050","912050","912050","912050","912050","912050","912050","912050","912050","912050","912050","912050","912050","912050","912050","912050","912050","912050","912050","912050","912050","912050","912050","912050","912050","912050","912050","912050","912050","912050","912050","912050","912050","","",
"British Virgin Islands","VGB","Surface area (sq. km)","AG.SRF.TOTL.K2","","150","150","150","150","150","150","150","150","150","150","150","150","150","150","150","150","150","150","150","150","150","150","150","150","150","150","150","150","150","150","150","150","150","150","150","150","150","150","150","150","150","150","150","150","150","150","150","150","150","150","150","150","150","150","150","150","150","150","150","150","150","150","150","","",
"Virgin Islands (U.S.)","VIR","Surface area (sq. km)","AG.SRF.TOTL.K2","","350","350","350","350","350","350","350","350","350","350","350","350","350","350","350","350","350","350","350","350","350","350","350","350","350","350","350","350","350","350","350","350","350","350","350","350","350","350","350","350","350","350","350","350","350","350","350","350","350","350","350","350","350","350","350","350","350","350","350","350","350","350","350","","",
"Viet Nam","VNM","Surface area (sq. km)","AG.SRF.TOTL.K2","","331690","331690","331690","331690","331690","331690","331690","331690","331690","331690","331690","331690","331690","331690","331690","331690","329570","329570","331610","331690","331690","331690","331690","331690","331690","331690","330350","330360","330360","331030","331060","331090","331110","331110","331110","331110","331110","331110","331110","329240","329250","329300","329310","329314","331212","331212","331212","331051","331051","330954","330957","330951","330960","331230","331230","331230","331230","331240","331310","331340","331344.8","331340","331338.31","","",
"Vanuatu","VUT","Surface area (sq. km)","AG.SRF.TOTL.K2","","12190","12190","12190","12190","12190","12190","12190","12190","12190","12190","12190","12190","12190","12190","12190","12190","12190","12190","12190","12190","12190","12190","12190","12190","12190","12190","12190","12190","12190","12190","12190","12190","12190","12190","12190","12190","12190","12190","12190","12190","12190","12190","12190","12190","12190","12190","12190","12190","12190","12190","12190","12190","12190","12190","12190","12190","12190","12190","12190","12190","12190","12190","12190","","",
"World","WLD","Surface area (sq. km)","AG.SRF.TOTL.K2","","139735046.037","139735046.037","139735046.037","139735046.037","139735046.037","139735046.037","139735046.037","139735046.037","139735046.037","139735046.037","139735046.037","139735046.037","139735046.037","139735046.037","139735046.037","139735046.037","139732926.037","139732926.037","139734966.737","139734956.737","139734956.737","139734956.737","139734956.737","139734956.737","139734956.737","139734956.737","139733616.737","139733626.737","139733626.737","139734296.737","139734326.737","139734376.737","139734486.737","139727573.737","139727603.737","139727683.737","139796423.737","139769163.737","139769163.737","139766145.737","139766535.937","139766960.937","139767416.437","139801540.397","139803496.74","139803801.687","139803883.407","140003369.109","140001052.93","140001326.808","140001646.549","140021205.18","140378206.158","140376282.955","140383797.195","140384998.854","140388337.658","140388122.186","140490189.575","140588715.13","140582990.797","140540014.505","140539257.229","","",
"Samoa","WSM","Surface area (sq. km)","AG.SRF.TOTL.K2","","2840","2840","2840","2840","2840","2840","2840","2840","2840","2840","2840","2840","2840","2840","2840","2840","2840","2840","2840","2840","2840","2840","2840","2840","2840","2840","2840","2840","2840","2840","2840","2840","2840","2840","2840","2840","2840","2840","2840","2840","2840","2840","2840","2840","2840","2840","2840","2840","2840","2840","2840","2840","2840","2840","2840","2840","2840","2840","2840","2840","2840","2840","2840","","",
"Kosovo","XKX","Surface area (sq. km)","AG.SRF.TOTL.K2","","","","","","","","","","","","","","","","","","","","","","","","","","","","","","","","","","","","","","","","","","","","","","","","","","","","","","","","","","","","","","","","","","",
"Yemen, Rep.","YEM","Surface area (sq. km)","AG.SRF.TOTL.K2","","527970","527970","527970","527970","527970","527970","527970","527970","527970","527970","527970","527970","527970","527970","527970","527970","527970","527970","527970","527970","527970","527970","527970","527970","527970","527970","527970","527970","527970","527970","527970","527970","527970","527970","527970","527970","527970","527970","527970","527970","527970","527970","527970","527970","527970","527970","527970","527970","527970","527970","527970","527970","527970","527970","527970","527970","527970","527970","527970","527970","527970","527970","527970","","",
"South Africa","ZAF","Surface area (sq. km)","AG.SRF.TOTL.K2","","1219090","1219090","1219090","1219090","1219090","1219090","1219090","1219090","1219090","1219090","1219090","1219090","1219090","1219090","1219090","1219090","1219090","1219090","1219090","1219090","1219090","1219090","1219090","1219090","1219090","1219090","1219090","1219090","1219090","1219090","1219090","1219090","1219090","1219090","1219090","1219090","1219090","1219090","1219090","1219090","1219090","1219090","1219090","1219090","1219090","1219090","1219090","1219090","1219090","1219090","1219090","1219090","1219090","1219090","1219090","1219090","1219090","1219090","1219090","1219090","1219090","1219090","1219090","","",
"Zambia","ZMB","Surface area (sq. km)","AG.SRF.TOTL.K2","","752610","752610","752610","752610","752610","752610","752610","752610","752610","752610","752610","752610","752610","752610","752610","752610","752610","752610","752610","752610","752610","752610","752610","752610","752610","752610","752610","752610","752610","752610","752610","752610","752610","752610","752610","752610","752610","752610","752610","752610","752610","752610","752610","752610","752610","752610","752610","752610","752610","752610","752610","752610","752610","752610","752610","752610","752610","752610","752610","752610","752610","752610","752610","","",
"Zimbabwe","ZWE","Surface area (sq. km)","AG.SRF.TOTL.K2","","390760","390760","390760","390760","390760","390760","390760","390760","390760","390760","390760","390760","390760","390760","390760","390760","390760","390760","390760","390760","390760","390760","390760","390760","390760","390760","390760","390760","390760","390760","390760","390760","390760","390760","390760","390760","390760","390760","390760","390760","390760","390760","390760","390760","390760","390760","390760","390760","390760","390760","390760","390760","390760","390760","390760","390760","390760","390760","390760","390760","390760","390760","390760","","",
